tier,comparacao,diferenca_pp,ic95_inf,ic95_sup,conclusao
High Ticket,cql_g095 - cql_g0,5.757100696524034,1.2631654400956371,10.251035952952432,A > B
Low Ticket,cql_g095 - cql_g0,6.044909821265354,1.2514292384413181,10.83839040408939,A > B
Todos,cql_g095 - cql_g0,5.901005258894695,5.13023325043665,6.67177726735274,A > B
High Ticket,cql_g095 - bandido,7.014683342655346,0.5895759397899702,13.439790745520721,A > B
Low Ticket,cql_g095 - bandido,9.577424395904083,4.032524356408408,15.122324435399758,A > B
Todos,cql_g095 - bandido,8.296053869279717,7.854550993726103,8.73755674483333,A > B
High Ticket,cql_g095 - oraculo_miope,7.89893820429702,3.5216752159746987,12.276201192619343,A > B
Low Ticket,cql_g095 - oraculo_miope,-19.755912492792117,-25.33041912140777,-14.181405864176465,A < B
Todos,cql_g095 - oraculo_miope,-5.928487144247545,-6.554871769671105,-5.302102518823985,A < B
High Ticket,bandido - aleatorio,17.860372129358925,16.237545994125473,19.483198264592378,A > B
Low Ticket,bandido - aleatorio,4.848608239694326,3.043964186762798,6.653252292625854,A > B
Todos,bandido - aleatorio,11.354490184526625,10.477941485264243,12.231038883789008,A > B
High Ticket,cql_g0 - bandido,1.2575826461313113,-1.3963720157024566,3.9115373079650793,inconclusivo
Low Ticket,cql_g0 - bandido,3.53251457463873,2.7701813357693283,4.294847813508131,A > B
Todos,cql_g0 - bandido,2.395048610385023,1.4013816262270304,3.3887155945430156,A > B
