politica,semente,tier,pct_do_otimo,tempo_treino_s
aleatorio,42,Low Ticket,56.5599216195269,8.868599991274095e-05
aleatorio,42,High Ticket,71.7851458677583,8.868599991274095e-05
aleatorio,42,Todos,64.1725337436426,8.868599991274095e-05
meio_faixa,42,Low Ticket,62.94318793323961,2.7490000320540275e-06
meio_faixa,42,High Ticket,84.3543387642305,2.7490000320540275e-06
meio_faixa,42,Todos,73.64876334873505,2.7490000320540275e-06
sl,42,Low Ticket,68.15097040205663,177.09956388199998
sl,42,High Ticket,88.30957377687476,177.09956388199998
sl,42,Todos,78.2302720894657,177.09956388199998
bandido,42,Low Ticket,60.82213926572589,525.5086896260001
bandido,42,High Ticket,89.42618601720525,525.5086896260001
bandido,42,Todos,75.12416264146557,525.5086896260001
bc,42,Low Ticket,63.44973684946797,30.748369613000023
bc,42,High Ticket,87.12123741730191,30.748369613000023
bc,42,Todos,75.28548713338495,30.748369613000023
cql_g0,42,Low Ticket,64.19440299187943,1803.505075677
cql_g0,42,High Ticket,90.73007889929255,1803.505075677
cql_g0,42,Todos,77.46224094558599,1803.505075677
cql_g095,42,Low Ticket,68.88802862854561,1893.6216058349996
cql_g095,42,High Ticket,98.2206952920742,1893.6216058349996
cql_g095,42,Todos,83.5543619603099,1893.6216058349996
oraculo_miope,42,Low Ticket,90.45286560986766,2.118000338668935e-06
oraculo_miope,42,High Ticket,89.0139972516396,2.118000338668935e-06
oraculo_miope,42,Todos,89.73343143075363,2.118000338668935e-06
oraculo_pd,42,Low Ticket,99.99993838965624,2.4179998945328407e-06
oraculo_pd,42,High Ticket,99.99993948168441,2.4179998945328407e-06
oraculo_pd,42,Todos,99.99993893567031,2.4179998945328407e-06
aleatorio,43,Low Ticket,56.444641405168916,9.526499979983782e-05
aleatorio,43,High Ticket,72.26627664013968,9.526499979983782e-05
aleatorio,43,Todos,64.3554590226543,9.526499979983782e-05
meio_faixa,43,Low Ticket,62.94318793323961,3.9930000639287755e-06
meio_faixa,43,High Ticket,84.3543387642305,3.9930000639287755e-06
meio_faixa,43,Todos,73.64876334873505,3.9930000639287755e-06
sl,43,Low Ticket,62.172440206667915,192.01242955199996
sl,43,High Ticket,82.68469454182885,192.01242955199996
sl,43,Todos,72.42856737424839,192.01242955199996
bandido,43,Low Ticket,61.06696073069442,578.1279542510001
bandido,43,High Ticket,90.86136587830521,578.1279542510001
bandido,43,Todos,75.9641633044998,578.1279542510001
bc,43,Low Ticket,71.39095809278746,28.679629200999443
bc,43,High Ticket,86.51106413591891,28.679629200999443
bc,43,Todos,78.95101111435318,28.679629200999443
cql_g0,43,Low Ticket,64.95330740641066,1941.9747941699998
cql_g0,43,High Ticket,91.02818592897617,1941.9747941699998
cql_g0,43,Todos,77.99074666769341,1941.9747941699998
cql_g095,43,Low Ticket,73.20813988999285,1983.6802130920005
cql_g095,43,High Ticket,94.909141321493,1983.6802130920005
cql_g095,43,Todos,84.05864060574292,1983.6802130920005
oraculo_miope,43,Low Ticket,90.45286560986766,2.972999936901033e-06
oraculo_miope,43,High Ticket,89.0139972516396,2.972999936901033e-06
oraculo_miope,43,Todos,89.73343143075363,2.972999936901033e-06
oraculo_pd,43,Low Ticket,99.99993838965624,3.701800051203463e-05
oraculo_pd,43,High Ticket,99.99993948168441,3.701800051203463e-05
oraculo_pd,43,Todos,99.99993893567031,3.701800051203463e-05
aleatorio,44,Low Ticket,55.80819841973558,0.00012799099931726232
aleatorio,44,High Ticket,72.06221744386905,0.00012799099931726232
aleatorio,44,Todos,63.93520793180231,0.00012799099931726232
meio_faixa,44,Low Ticket,62.94318793323961,4.068999260198325e-06
meio_faixa,44,High Ticket,84.3543387642305,4.068999260198325e-06
meio_faixa,44,Todos,73.64876334873505,4.068999260198325e-06
sl,44,Low Ticket,65.56455821331485,192.0864749909997
sl,44,High Ticket,81.43447001153062,192.0864749909997
sl,44,Todos,73.49951411242273,192.0864749909997
bandido,44,Low Ticket,61.46948616709407,599.9509273410004
bandido,44,High Ticket,89.40720444433335,599.9509273410004
bandido,44,Todos,75.43834530571371,599.9509273410004
bc,44,Low Ticket,65.70068157987856,28.455581653999616
bc,44,High Ticket,86.77710221075763,28.455581653999616
bc,44,Todos,76.23889189531809,28.455581653999616
cql_g0,44,Low Ticket,64.80841948914048,2029.8084618900011
cql_g0,44,High Ticket,91.70923944996902,2029.8084618900011
cql_g0,44,Todos,78.25882946955475,2029.8084618900011
cql_g095,44,Low Ticket,69.99469083268816,2110.8179744089994
cql_g095,44,High Ticket,97.60896975424265,2110.8179744089994
cql_g095,44,Todos,83.80183029346541,2110.8179744089994
oraculo_miope,44,Low Ticket,90.45286560986766,1.992000761674717e-06
oraculo_miope,44,High Ticket,89.0139972516396,1.992000761674717e-06
oraculo_miope,44,Todos,89.73343143075363,1.992000761674717e-06
oraculo_pd,44,Low Ticket,99.99993838965624,3.2730004022596404e-06
oraculo_pd,44,High Ticket,99.99993948168441,3.2730004022596404e-06
oraculo_pd,44,Todos,99.99993893567031,3.2730004022596404e-06
