politica,tier,n_sementes,pct_do_otimo,ic95_inf,ic95_sup,tempo_treino_s
aleatorio,Low Ticket,3,56.270920481477134,55.26520923169133,57.27663173126294,0.00010398066634328036
aleatorio,High Ticket,3,72.03787998392234,71.43799318578064,72.63776678206403,0.00010398066634328036
aleatorio,Todos,3,64.15440023269974,63.63096369143505,64.67783677396443,0.00010398066634328036
meio_faixa,Low Ticket,3,62.94318793323961,62.94318793323961,62.94318793323961,3.603666452060376e-06
meio_faixa,High Ticket,3,84.3543387642305,84.3543387642305,84.3543387642305,3.603666452060376e-06
meio_faixa,Todos,3,73.64876334873505,73.64876334873505,73.64876334873505,3.603666452060376e-06
sl,Low Ticket,3,65.29598960734647,57.847799607127946,72.74417960756499,187.06615614166654
sl,High Ticket,3,84.14291277674475,75.04555302318096,93.24027253030854,187.06615614166654
sl,Todos,3,74.71945119204561,67.0502903239468,82.38861206014442,187.06615614166654
bandido,Low Ticket,3,61.119528721171456,60.307565033190926,61.931492409151986,567.8625237393335
bandido,High Ticket,3,89.89825211328127,87.82614594763369,91.97035827892886,567.8625237393335
bandido,Todos,3,75.50889041722637,74.45457151419349,76.56320932025925,567.8625237393335
bc,Low Ticket,3,66.847125507378,56.67989884986856,77.01435216488744,29.29452682266636
bc,High Ticket,3,86.80313458799282,86.04319093309229,87.56307824289334,29.29452682266636
bc,Todos,3,76.8251300476854,72.10084289195076,81.54941720342005,29.29452682266636
cql_g0,Low Ticket,3,64.65204329581019,63.651197458782846,65.65288913283753,1925.0961105790002
cql_g0,High Ticket,3,91.15583475941258,89.90903143130589,92.40263808751928,1925.0961105790002
cql_g0,Todos,3,77.90393902761139,76.89705088927826,78.91082716594451,1925.0961105790002
cql_g095,Low Ticket,3,70.69695311707555,65.1224464884599,76.2714597456912,1996.039931112
cql_g095,High Ticket,3,96.91293545593662,92.53567246761429,101.29019844425895,1996.039931112
cql_g095,Todos,3,83.80494428650609,83.17855966108253,84.43132891192964,1996.039931112
oraculo_miope,Low Ticket,3,90.45286560986766,90.45286560986766,90.45286560986766,2.3610003457482285e-06
oraculo_miope,High Ticket,3,89.0139972516396,89.0139972516396,89.0139972516396,2.3610003457482285e-06
oraculo_miope,Todos,3,89.73343143075363,89.73343143075363,89.73343143075363,2.3610003457482285e-06
oraculo_pd,Low Ticket,3,99.99993838965624,99.99993838965624,99.99993838965624,1.4236333602942372e-05
oraculo_pd,High Ticket,3,99.99993948168441,99.99993948168441,99.99993948168441,1.4236333602942372e-05
oraculo_pd,Todos,3,99.9999389356703,99.99993893567026,99.99993893567034,1.4236333602942372e-05
