politica,semente,periodo,preco_rel_miope
aleatorio,42,0,1.0746028542737973
aleatorio,42,1,1.0746321682547813
aleatorio,42,2,1.1337742410520393
aleatorio,42,3,1.0926067091853542
aleatorio,42,4,1.1403491414985691
aleatorio,42,5,1.063487303389869
aleatorio,42,6,1.0865591694097703
aleatorio,42,7,1.1307925135173138
aleatorio,42,8,1.058932351028278
aleatorio,42,9,1.1055927395755647
aleatorio,42,10,1.1058222290294246
aleatorio,42,11,1.1122773094048721
meio_faixa,42,0,1.0922038576652457
meio_faixa,42,1,1.0922038576652457
meio_faixa,42,2,1.0922038576652457
meio_faixa,42,3,1.0922038576652457
meio_faixa,42,4,1.0922038576652457
meio_faixa,42,5,1.0922038576652457
meio_faixa,42,6,1.0922038576652457
meio_faixa,42,7,1.0922038576652457
meio_faixa,42,8,1.0922038576652457
meio_faixa,42,9,1.0922038576652457
meio_faixa,42,10,1.0922038576652457
meio_faixa,42,11,1.0922038576652457
sl,42,0,1.0716987603691797
sl,42,1,1.011096113027715
sl,42,2,1.0094273679329229
sl,42,3,0.9424006106838702
sl,42,4,0.8936172641735539
sl,42,5,0.8900322697118095
sl,42,6,0.9946078601439248
sl,42,7,0.956870846805741
sl,42,8,0.984190346486288
sl,42,9,0.9556084271957828
sl,42,10,0.9848744813606513
sl,42,11,0.9454824054682179
bandido,42,0,1.1796378471062892
bandido,42,1,1.1783514652260707
bandido,42,2,1.1583179333020803
bandido,42,3,1.1551921237097718
bandido,42,4,1.1568553677808473
bandido,42,5,1.1565113251764363
bandido,42,6,1.1585598915909838
bandido,42,7,1.1598340082387044
bandido,42,8,1.1650241805023667
bandido,42,9,1.1629551839308208
bandido,42,10,1.1574797535419412
bandido,42,11,1.1573167604909804
bc,42,0,0.9950600782943226
bc,42,1,0.9963951136122537
bc,42,2,0.9972364739583627
bc,42,3,0.997586397073547
bc,42,4,0.9974827903574932
bc,42,5,0.9966888263557409
bc,42,6,0.9953379793474277
bc,42,7,0.9937078372252858
bc,42,8,0.9917740837110853
bc,42,9,0.989478776043772
bc,42,10,0.9867567180720448
bc,42,11,0.983766990818193
cql_g0,42,0,1.0443426890256218
cql_g0,42,1,1.0412966565867239
cql_g0,42,2,1.0381034060781857
cql_g0,42,3,1.0347521831069484
cql_g0,42,4,1.031449410785742
cql_g0,42,5,1.030220479210155
cql_g0,42,6,1.0290291537980139
cql_g0,42,7,1.0277735482179544
cql_g0,42,8,1.026480472253902
cql_g0,42,9,1.0251420048359794
cql_g0,42,10,1.0237674838273065
cql_g0,42,11,1.0223644762389799
cql_g095,42,0,0.9329435686739834
cql_g095,42,1,0.9414739804533229
cql_g095,42,2,0.9495728926256817
cql_g095,42,3,0.9593064014195739
cql_g095,42,4,0.9757366382936463
cql_g095,42,5,0.9939600125698003
cql_g095,42,6,1.0130096030699827
cql_g095,42,7,1.032785411861865
cql_g095,42,8,1.053827031214937
cql_g095,42,9,1.075989663807079
cql_g095,42,10,1.0985839545431892
cql_g095,42,11,1.1214110442580858
oraculo_miope,42,0,1.0
oraculo_miope,42,1,1.0
oraculo_miope,42,2,1.0
oraculo_miope,42,3,1.0
oraculo_miope,42,4,1.0
oraculo_miope,42,5,1.0
oraculo_miope,42,6,1.0
oraculo_miope,42,7,1.0
oraculo_miope,42,8,1.0
oraculo_miope,42,9,1.0
oraculo_miope,42,10,1.0
oraculo_miope,42,11,1.0
oraculo_pd,42,0,0.6362430552247332
oraculo_pd,42,1,0.6661204271540814
oraculo_pd,42,2,0.7358557917249401
oraculo_pd,42,3,0.7882241019402859
oraculo_pd,42,4,0.8276917529006232
oraculo_pd,42,5,0.860285206979971
oraculo_pd,42,6,0.8883263313599905
oraculo_pd,42,7,0.9133417735477101
oraculo_pd,42,8,0.9359543512991009
oraculo_pd,42,9,0.9581511311834379
oraculo_pd,42,10,0.9791103069026595
oraculo_pd,42,11,1.000058668983204
aleatorio,43,0,1.0774375150328221
aleatorio,43,1,1.0597806158353147
aleatorio,43,2,1.0819493290345514
aleatorio,43,3,1.0596771015865978
aleatorio,43,4,1.0913231714384153
aleatorio,43,5,1.0759710317648161
aleatorio,43,6,1.1018114167352095
aleatorio,43,7,1.0984769904068257
aleatorio,43,8,1.1415764124766512
aleatorio,43,9,1.1062480693208938
aleatorio,43,10,1.0965456038773307
aleatorio,43,11,1.1425566863567123
meio_faixa,43,0,1.0922038576652457
meio_faixa,43,1,1.0922038576652457
meio_faixa,43,2,1.0922038576652457
meio_faixa,43,3,1.0922038576652457
meio_faixa,43,4,1.0922038576652457
meio_faixa,43,5,1.0922038576652457
meio_faixa,43,6,1.0922038576652457
meio_faixa,43,7,1.0922038576652457
meio_faixa,43,8,1.0922038576652457
meio_faixa,43,9,1.0922038576652457
meio_faixa,43,10,1.0922038576652457
meio_faixa,43,11,1.0922038576652457
sl,43,0,1.0612787846023466
sl,43,1,1.055851597098395
sl,43,2,1.0549197992356243
sl,43,3,1.0469558173919387
sl,43,4,1.0486179437028607
sl,43,5,1.0373299930532303
sl,43,6,1.0495684916678236
sl,43,7,1.0358185896719276
sl,43,8,1.0350992394353968
sl,43,9,1.044795763254866
sl,43,10,1.0296636163360908
sl,43,11,1.0370393771229105
bandido,43,0,1.1606321698864113
bandido,43,1,1.1520912280707039
bandido,43,2,1.1621890859103514
bandido,43,3,1.154655423288349
bandido,43,4,1.150674641062768
bandido,43,5,1.157294674988004
bandido,43,6,1.1484679286771424
bandido,43,7,1.1548279854414445
bandido,43,8,1.1527262485963876
bandido,43,9,1.1560303583994065
bandido,43,10,1.1508279880974757
bandido,43,11,1.148806094308461
bc,43,0,0.9986230813744869
bc,43,1,0.9955180682476311
bc,43,2,0.989399115555652
bc,43,3,0.9814308555639274
bc,43,4,0.9734105493294858
bc,43,5,0.9678449736688362
bc,43,6,0.9677237617686897
bc,43,7,0.9700377926872312
bc,43,8,0.9733439166846531
bc,43,9,0.9764839409622275
bc,43,10,0.979086060386317
bc,43,11,0.9813951865882728
cql_g0,43,0,1.0224944129676885
cql_g0,43,1,1.0208970714769645
cql_g0,43,2,1.0192094889065697
cql_g0,43,3,1.0174362009658966
cql_g0,43,4,1.015659214869649
cql_g0,43,5,1.015036724964314
cql_g0,43,6,1.0148301124091623
cql_g0,43,7,1.0146206057127605
cql_g0,43,8,1.0144005061448498
cql_g0,43,9,1.0141356530059202
cql_g0,43,10,1.0138868130235439
cql_g0,43,11,1.013621044408395
cql_g095,43,0,0.9190972419680998
cql_g095,43,1,0.9307665278570142
cql_g095,43,2,0.9431874630366528
cql_g095,43,3,0.9564453631477572
cql_g095,43,4,0.9712907822453948
cql_g095,43,5,0.9897700494015944
cql_g095,43,6,1.009672175176598
cql_g095,43,7,1.0301959057063608
cql_g095,43,8,1.0519708900549611
cql_g095,43,9,1.0740567093686277
cql_g095,43,10,1.0959409630129129
cql_g095,43,11,1.1175734586025425
oraculo_miope,43,0,1.0
oraculo_miope,43,1,1.0
oraculo_miope,43,2,1.0
oraculo_miope,43,3,1.0
oraculo_miope,43,4,1.0
oraculo_miope,43,5,1.0
oraculo_miope,43,6,1.0
oraculo_miope,43,7,1.0
oraculo_miope,43,8,1.0
oraculo_miope,43,9,1.0
oraculo_miope,43,10,1.0
oraculo_miope,43,11,1.0
oraculo_pd,43,0,0.6362430552247332
oraculo_pd,43,1,0.6661204271540814
oraculo_pd,43,2,0.7358557917249401
oraculo_pd,43,3,0.7882241019402859
oraculo_pd,43,4,0.8276917529006232
oraculo_pd,43,5,0.860285206979971
oraculo_pd,43,6,0.8883263313599905
oraculo_pd,43,7,0.9133417735477101
oraculo_pd,43,8,0.9359543512991009
oraculo_pd,43,9,0.9581511311834379
oraculo_pd,43,10,0.9791103069026595
oraculo_pd,43,11,1.000058668983204
aleatorio,44,0,1.1017032135270841
aleatorio,44,1,1.0731580987768818
aleatorio,44,2,1.0884310363084206
aleatorio,44,3,1.0906616122862516
aleatorio,44,4,1.0701903745528725
aleatorio,44,5,1.100483650121689
aleatorio,44,6,1.043472737717754
aleatorio,44,7,1.0628497098036158
aleatorio,44,8,1.1237302692242208
aleatorio,44,9,1.0971193130852201
aleatorio,44,10,1.1588358877414244
aleatorio,44,11,1.1278413958805973
meio_faixa,44,0,1.0922038576652457
meio_faixa,44,1,1.0922038576652457
meio_faixa,44,2,1.0922038576652457
meio_faixa,44,3,1.0922038576652457
meio_faixa,44,4,1.0922038576652457
meio_faixa,44,5,1.0922038576652457
meio_faixa,44,6,1.0922038576652457
meio_faixa,44,7,1.0922038576652457
meio_faixa,44,8,1.0922038576652457
meio_faixa,44,9,1.0922038576652457
meio_faixa,44,10,1.0922038576652457
meio_faixa,44,11,1.0922038576652457
sl,44,0,1.0625517274304213
sl,44,1,1.0624038950767343
sl,44,2,1.0490234593506085
sl,44,3,1.026304934942
sl,44,4,0.988071035125129
sl,44,5,1.0150601475633136
sl,44,6,0.98798154141421
sl,44,7,1.017206637579168
sl,44,8,0.9954913935259194
sl,44,9,1.0179817975378285
sl,44,10,0.9968497881639249
sl,44,11,1.0282017805968355
bandido,44,0,1.1836521340017052
bandido,44,1,1.1704945873601633
bandido,44,2,1.1478869619718093
bandido,44,3,1.1477907083110945
bandido,44,4,1.1421945244094882
bandido,44,5,1.1381018300315433
bandido,44,6,1.1556969372625192
bandido,44,7,1.1433344683604798
bandido,44,8,1.1430881678405629
bandido,44,9,1.1426342780393597
bandido,44,10,1.1447955091933144
bandido,44,11,1.1476478350356776
bc,44,0,1.0139669522234054
bc,44,1,1.0135252990620554
bc,44,2,1.0132059077439648
bc,44,3,1.013352152659237
bc,44,4,1.013868802490998
bc,44,5,1.0147271088930725
bc,44,6,1.0154840606115825
bc,44,7,1.0162623454630717
bc,44,8,1.0170676779966108
bc,44,9,1.0178471988518694
bc,44,10,1.0185880038937045
bc,44,11,1.019266339581294
cql_g0,44,0,1.0142149681471773
cql_g0,44,1,1.012530563679699
cql_g0,44,2,1.0106694536369418
cql_g0,44,3,1.0086979574674284
cql_g0,44,4,1.006743222301393
cql_g0,44,5,1.0055237420972272
cql_g0,44,6,1.0047163942826682
cql_g0,44,7,1.0039427330720145
cql_g0,44,8,1.0032474169156282
cql_g0,44,9,1.0026319293662422
cql_g0,44,10,1.002086339042933
cql_g0,44,11,1.0016276375507642
cql_g095,44,0,0.9451742491789576
cql_g095,44,1,0.9524956450746598
cql_g095,44,2,0.9603970273453954
cql_g095,44,3,0.9713178271076832
cql_g095,44,4,0.9877513775676577
cql_g095,44,5,1.0046867090533529
cql_g095,44,6,1.02217457991384
cql_g095,44,7,1.0404373091022914
cql_g095,44,8,1.0600125176154036
cql_g095,44,9,1.0801052017400445
cql_g095,44,10,1.1005481726669266
cql_g095,44,11,1.120993958644857
oraculo_miope,44,0,1.0
oraculo_miope,44,1,1.0
oraculo_miope,44,2,1.0
oraculo_miope,44,3,1.0
oraculo_miope,44,4,1.0
oraculo_miope,44,5,1.0
oraculo_miope,44,6,1.0
oraculo_miope,44,7,1.0
oraculo_miope,44,8,1.0
oraculo_miope,44,9,1.0
oraculo_miope,44,10,1.0
oraculo_miope,44,11,1.0
oraculo_pd,44,0,0.6362430552247332
oraculo_pd,44,1,0.6661204271540814
oraculo_pd,44,2,0.7358557917249401
oraculo_pd,44,3,0.7882241019402859
oraculo_pd,44,4,0.8276917529006232
oraculo_pd,44,5,0.860285206979971
oraculo_pd,44,6,0.8883263313599905
oraculo_pd,44,7,0.9133417735477101
oraculo_pd,44,8,0.9359543512991009
oraculo_pd,44,9,0.9581511311834379
oraculo_pd,44,10,0.9791103069026595
oraculo_pd,44,11,1.000058668983204
