config,modelo,n_sementes,pct_low,pct_low_ic95_inf,pct_low_ic95_sup,pct_high,pct_high_ic95_inf,pct_high_ic95_sup,pct_todos,pct_todos_ic95_inf,pct_todos_ic95_sup,low_dispersao_log,low_corr_oraculo_obs,tempo_s
base,venda_unica,3,50.06666666666666,49.549552165412436,50.58378116792089,72.86666666666666,72.34955216541245,73.38378116792087,61.46666666666666,60.94955216541243,61.983781167920895,,,414.3333333333333
base,assinatura,3,64.83333333333334,62.81012046430786,66.85654620235883,96.96666666666665,94.82492309493227,99.10841023840104,80.9,80.40317245764994,81.39682754235007,,,416.6666666666667
w_0.5,venda_unica,3,47.0,46.13946945405011,47.86053054594989,71.53333333333332,70.30793729874065,72.75872936792598,59.26666666666667,58.33442524188763,60.198908091445716,,,380.6666666666667
w_0.5,assinatura,3,63.300000000000004,62.86973472702506,63.73026527297495,94.69999999999999,93.70634491529987,95.69365508470011,79.0,78.30844532880772,79.69155467119228,,,381.0
w_20,venda_unica,3,45.53333333333333,45.15387502997365,45.912791636693015,83.03333333333333,78.27873442004835,87.78793224661831,64.28333333333333,62.095270015551804,66.47139665111486,,,383.6666666666667
w_20,assinatura,3,62.0,60.27893890810022,63.72106109189978,94.93333333333332,93.89910433082485,95.96756233584179,78.46666666666665,77.8415057187291,79.09182761460421,,,389.3333333333333
acao_global,venda_unica,3,47.36666666666667,41.81011461928417,52.92321871404916,71.3,65.6735514685618,76.9264485314382,59.333333333333336,59.143604181653494,59.52306248501318,,,391.3333333333333
acao_global,assinatura,3,63.29457628428511,61.89324114353375,64.69591142503647,97.80471986796294,96.31391618260247,99.29552355332342,80.54964807612402,79.20469032401782,81.89460582823021,0.0350118804338808,0.3284374885609964,718.856353911667
gamma_0.98,venda_unica,3,50.15350176567525,49.53228459623596,50.77471893511454,72.88781624106362,72.21159918789685,73.56403329423038,61.520659003369424,61.39441488412334,61.646903122615505,0.0403403994832065,0.1193534147446025,646.7216275166666
gamma_0.98,assinatura,3,64.35090018768851,63.362498658706365,65.33930171667065,95.97770339262225,94.27172227687238,97.68368450837211,80.16430179015538,79.2198963074361,81.10870727287465,0.0367291196370876,0.2564108896342866,382.32972827199956
recompensa_log,venda_unica,3,49.22667896318478,46.841261991213536,51.61209593515603,71.41731133693914,71.15797108178432,71.67665159209395,60.32199515006196,59.09000650571928,61.55398379440464,0.0401214179975307,0.1693369264678129,378.8916217433337
recompensa_log,assinatura,3,62.51544311561145,60.60892761286982,64.42195861835307,97.13432533846935,95.9046829567305,98.36396772020821,79.8248842270404,79.47864196135131,80.17112649272948,0.0611811974960865,0.3796260135270479,388.4368349289998
recompensa_estado,venda_unica,3,45.61221189290681,45.407608455592225,45.81681533022139,78.551248296521,76.55752964342997,80.54496694961202,62.0817300947139,61.01857214515707,63.14488804427072,0.2153274550543695,0.1704648697938571,387.6115143330001
recompensa_estado,assinatura,3,64.5557120725752,64.21050178516656,64.90092235998385,97.40482480353545,96.56505371168784,98.24459589538306,80.98026843805532,80.6555442957743,81.30499258033633,0.0582936555055386,0.3680457694822602,381.3286702100001
acao_estado,venda_unica,3,71.52732265248541,70.70100658734812,72.3536387176227,97.71176842004355,97.61183249072022,97.81170434936689,84.61954553626448,84.18055668452216,85.0585343880068,0.4960242934738928,0.9616887391827346,367.06667866633325
acao_estado,assinatura,3,97.87935015846863,97.73112363458999,98.02757668234726,98.4668720950516,98.18661474119583,98.74712944890737,98.1731111267601,98.05538145355075,98.29084079996946,0.5984990186504818,0.9843230736817307,373.3015507640005
acao_estado+recompensa_estado,venda_unica,3,66.51730788275124,64.96790609635113,68.06670966915135,97.85032777401433,96.97814946610093,98.72250608192773,82.18381782838277,81.77045867060671,82.59717698615883,0.5136784157753015,0.9574607009274617,371.6774957646667
acao_estado+recompensa_estado,assinatura,3,98.3986436848988,98.16717075335528,98.63011661644232,98.35286151399266,98.08721940075618,98.61850362722915,98.37575259944573,98.12761633172332,98.62388886716815,0.599106778856132,0.9887700244513246,376.8576339033334
