config,modelo,semente,passos,tempo_s,pct_low,pct_high,pct_todos,low_preco_min,low_preco_max,low_dispersao_log,low_corr_oraculo_obs
base,venda_unica,42,5000,478.0,50.3,73.1,61.699999999999996,38.0,44.0,,
base,assinatura,42,5000,488.0,65.4,96.8,81.1,37.0,44.0,,
w_0.5,venda_unica,42,5000,397.0,47.2,72.1,59.65,33.0,36.0,,
w_0.5,assinatura,42,5000,387.0,63.4,95.1,79.25,31.0,35.0,,
w_20,venda_unica,42,5000,397.0,45.7,80.9,63.300000000000004,47.0,68.0,,
w_20,assinatura,42,5000,403.0,61.6,95.4,78.5,44.0,51.0,,
acao_global,venda_unica,42,5000,392.0,46.9,71.6,59.25,32.0,38.0,,
acao_global,assinatura,42,5000,490.0,63.2,98.2,80.7,30.0,35.0,,
gamma_0.98,venda_unica,42,5000,395.0,49.9,73.2,61.55,40.0,46.0,,
gamma_0.98,assinatura,42,5000,381.0,64.5,96.7,80.6,40.0,46.0,,
recompensa_log,venda_unica,42,5000,377.0,50.2,71.5,60.85,41.0,47.0,,
recompensa_log,assinatura,42,5000,400.0,62.8,96.9,79.85,44.0,49.0,,
recompensa_estado,venda_unica,42,5000,387.0,45.7,78.8,62.25,37.0,74.0,,
recompensa_estado,assinatura,42,5000,384.0,64.4,97.6,81.0,39.0,49.0,,
base,venda_unica,43,5000,383.0,50.0,72.8,61.4,39.0,45.0,,
base,assinatura,43,5000,381.0,65.2,96.2,80.7,37.0,45.0,,
w_0.5,venda_unica,43,5000,378.0,47.2,71.3,59.25,33.0,37.0,,
w_0.5,assinatura,43,5000,379.0,63.1,94.3,78.7,30.0,34.0,,
w_20,venda_unica,43,5000,381.0,45.5,83.6,64.55,47.0,70.0,,
w_20,assinatura,43,5000,381.0,61.6,94.8,78.2,44.0,50.0,,
acao_global,venda_unica,43,5000,390.0,45.4,73.4,59.400000000000006,31.0,36.0,,
acao_global,assinatura,43,5000,477.0,63.9,98.1,81.0,31.0,37.0,,
gamma_0.98,venda_unica,43,5000,379.0,50.4,72.7,61.55,38.0,43.0,,
gamma_0.98,assinatura,43,5000,384.0,63.9,95.9,79.9,41.0,48.0,,
recompensa_log,venda_unica,43,5000,380.0,49.2,71.3,60.25,43.0,48.0,,
recompensa_log,assinatura,43,5000,376.0,63.1,96.8,79.95,42.0,49.0,,
recompensa_estado,venda_unica,43,5000,374.0,45.6,79.2,62.400000000000006,34.0,74.0,,
recompensa_estado,assinatura,43,5000,395.0,64.6,97.6,81.1,38.0,49.0,,
base,venda_unica,44,5000,382.0,49.9,72.7,61.3,39.0,45.0,,
base,assinatura,44,5000,381.0,63.9,97.9,80.9,40.0,49.0,,
w_0.5,venda_unica,44,5000,367.0,46.6,71.2,58.900000000000006,32.0,36.0,,
w_0.5,assinatura,44,5000,377.0,63.4,94.7,79.05,31.0,35.0,,
w_20,venda_unica,44,5000,373.0,45.4,84.6,65.0,45.0,68.0,,
w_20,assinatura,44,5000,384.0,62.8,94.6,78.69999999999999,43.0,51.0,,
acao_global,venda_unica,44,5000,392.0,49.8,68.9,59.35,34.0,43.0,,
acao_global,assinatura,44,5000,1189.569061735001,62.78372885285531,97.1141596038888,79.94894422837207,29.996315728752666,34.9744909772678,0.035011880433880836,0.3284374885609964
gamma_0.98,venda_unica,44,5000,1166.1648825499997,50.160505297025736,72.76344872319083,61.46197701010829,40.15505409476042,46.18770074863823,0.04034039948320658,0.11935341474460257
gamma_0.98,assinatura,44,5000,381.98918481599867,64.65270056306551,95.33311017786674,79.99290537046613,39.04342483719352,46.23575014146047,0.03672911963708764,0.2564108896342866
recompensa_log,venda_unica,44,5000,379.67486523000116,48.280036889554346,71.45193401081742,59.86598545018589,44.09539783738796,51.36543940506144,0.04012141799753071,0.16933692646781293
recompensa_log,assinatura,44,5000,389.31050478699945,61.64632934683433,97.70297601540805,79.67465268112119,42.18361804707242,52.74552406598986,0.06118119749608652,0.3796260135270479
recompensa_estado,venda_unica,44,5000,401.8345429990004,45.53663567872041,77.65374488956299,61.59519028414171,35.607448234664744,74.35194821859321,0.21532745505436954,0.17046486979385717
recompensa_estado,assinatura,44,5000,364.98601063000024,64.66713621772561,97.01447441060631,80.84080531416595,38.60192885117488,48.57848034809505,0.0582936555055386,0.3680457694822602
acao_estado,venda_unica,42,5000,368.82962796299944,71.35767643315852,97.7387990082963,84.54823772072741,14.352252621818177,72.51947432295789,0.4964536617969589,0.9614077167238325
acao_estado,assinatura,42,5000,375.872135091,97.89653555972974,98.55521928833002,98.22587742402989,14.410451954535331,73.1876015796785,0.5986017407318097,0.9842867102221733
acao_estado+recompensa_estado,venda_unica,42,5000,369.1062913859987,66.91323841442585,97.51076243274007,82.21200042358296,14.56415135576668,80.41840338889452,0.5109136707428084,0.9587698169647221
acao_estado+recompensa_estado,assinatura,42,5000,375.7213034489996,98.38546770057765,98.32357037034686,98.35451903546226,13.930584371460014,74.67744796352164,0.5994298358295085,0.9888545205860757
acao_estado,venda_unica,43,5000,364.9905185560001,71.91057913887187,97.73097060175746,84.82077487031466,14.17224809267224,71.98365284677907,0.4950050228519946,0.9626862599110231
acao_estado,assinatura,43,5000,370.9249150510004,97.81297415068627,98.50560901814063,98.15929158441344,14.602499099294471,74.17305232925347,0.597925275072093,0.9838683948895014
acao_estado+recompensa_estado,venda_unica,43,5000,375.4939356690011,66.84035470455166,97.8282978961221,82.33432630033687,14.461176799139947,80.37017227745858,0.5117890791070253,0.9589781573154582
acao_estado+recompensa_estado,assinatura,43,5000,377.9099902599992,98.31275259312787,98.26362403220472,98.28818831266628,14.3432021583776,75.38499161268746,0.5984529690041264,0.9877205932339186
acao_estado,venda_unica,44,5000,367.3798894800002,71.31371238542586,97.66553565007692,84.48962401775138,14.259759582879044,72.34115770311095,0.49661419577272503,0.9609722409133478
acao_estado,assinatura,44,5000,373.1076021500012,97.92854076498985,98.33978797868413,98.134164371837,14.28499054659062,72.69831758449696,0.5989700401475428,0.9848141159335174
acao_estado+recompensa_estado,venda_unica,44,5000,370.43226023900024,65.7983305292762,98.21192299318083,82.00512676122851,14.49323975905863,82.94430846857549,0.5183324974760708,0.9546341285022053
acao_estado+recompensa_estado,assinatura,44,5000,376.94160800100144,98.49771076099094,98.47139013942645,98.48455045020869,13.980365159202076,75.08407447507015,0.599437531734761,0.9897349595339794
