modelo,politica,cenario,tier,lucro_simulador,lucro_fqe
venda_unica,cql,0,Low Ticket,1151.3694539653295,941.210833027399
venda_unica,cql,0,Low Ticket,1090.021444850339,811.2928406352394
venda_unica,cql,0,Low Ticket,1224.6699475093585,1070.5912298000987
venda_unica,cql,0,Low Ticket,1019.0379969528923,774.1996918697844
venda_unica,cql,0,Low Ticket,941.9809819520018,638.8052044141147
venda_unica,cql,0,Low Ticket,1140.6097558835725,904.7940414456302
venda_unica,cql,0,Low Ticket,860.6136579777647,587.095433356113
venda_unica,cql,0,Low Ticket,766.1827430946927,513.8715569327088
venda_unica,cql,0,Low Ticket,1031.2478244777058,797.6465475940563
venda_unica,cql,0,Low Ticket,861.1589135555963,551.9080418184925
venda_unica,cql,0,Low Ticket,770.8654428275529,466.08380346055054
venda_unica,cql,0,Low Ticket,1032.333204647318,722.5391621875378
venda_unica,cql,1,Low Ticket,7303.415536158982,5854.656584174349
venda_unica,cql,1,Low Ticket,6924.951552691385,5042.866886776193
venda_unica,cql,1,Low Ticket,7770.648042153554,6658.562353722147
venda_unica,cql,1,Low Ticket,6469.107072729859,4813.062739367009
venda_unica,cql,1,Low Ticket,5980.4492276051715,3967.57388144435
venda_unica,cql,1,Low Ticket,7245.827930295187,5625.705401297218
venda_unica,cql,1,Low Ticket,5464.781024080489,3646.354073207065
venda_unica,cql,1,Low Ticket,4860.944138413041,3196.028870238494
venda_unica,cql,1,Low Ticket,6551.488392267615,4956.710571751614
venda_unica,cql,1,Low Ticket,5469.681024103122,3430.2778266627947
venda_unica,cql,1,Low Ticket,4896.026897058937,2898.6631659803684
venda_unica,cql,1,Low Ticket,6556.180110078208,4490.120908395204
venda_unica,cql,2,Low Ticket,3278.1406919846827,5346.222099676056
venda_unica,cql,2,Low Ticket,2865.1511462103267,4577.748797477617
venda_unica,cql,2,Low Ticket,4956.6975703659855,6074.411479162032
venda_unica,cql,2,Low Ticket,2064.3487823422483,4374.910641851081
venda_unica,cql,2,Low Ticket,1603.4498707654354,3578.53620825121
venda_unica,cql,2,Low Ticket,3530.3178396770527,5119.277837746698
venda_unica,cql,2,Low Ticket,1268.7421147999348,3288.4097427199813
venda_unica,cql,2,Low Ticket,896.6916647808854,2914.742019427585
venda_unica,cql,2,Low Ticket,2279.7373878884528,4489.8022257588755
venda_unica,cql,2,Low Ticket,1298.412634772139,3112.1446570674575
venda_unica,cql,2,Low Ticket,993.3759048040185,2649.5126067054493
venda_unica,cql,2,Low Ticket,2228.4386700621394,4068.184319356002
venda_unica,cql,3,Low Ticket,5192.6490973118225,5346.222099676056
venda_unica,cql,3,Low Ticket,4927.762702574797,4577.748797477617
venda_unica,cql,3,Low Ticket,5230.9267944000785,6074.411479162032
venda_unica,cql,3,Low Ticket,4969.209821168634,4374.910641851081
venda_unica,cql,3,Low Ticket,4891.744105560775,3578.53620825121
venda_unica,cql,3,Low Ticket,4984.189309108367,5119.277837746698
venda_unica,cql,3,Low Ticket,4785.322606446914,3288.4097427199813
venda_unica,cql,3,Low Ticket,4782.988085459244,2914.742019427585
venda_unica,cql,3,Low Ticket,4889.354081580154,4489.8022257588755
venda_unica,cql,3,Low Ticket,4752.159095075498,3112.1446570674575
venda_unica,cql,3,Low Ticket,4656.2993012571615,2649.5126067054493
venda_unica,cql,3,Low Ticket,4934.072157992908,4068.184319356002
venda_unica,cql,4,Low Ticket,3918.1794861256453,5787.851434582084
venda_unica,cql,4,Low Ticket,3438.992855817344,4612.402799282814
venda_unica,cql,4,Low Ticket,5851.152563093562,6346.11192174373
venda_unica,cql,4,Low Ticket,2522.910562021586,4479.166095847407
venda_unica,cql,4,Low Ticket,1956.2919931771564,3530.0114476594085
venda_unica,cql,4,Low Ticket,4146.809501591276,5227.933336460648
venda_unica,cql,4,Low Ticket,1614.1298705360855,3240.630540875203
venda_unica,cql,4,Low Ticket,1129.5319961698979,3222.429883377891
venda_unica,cql,4,Low Ticket,2655.9644175307017,4460.539333515742
venda_unica,cql,4,Low Ticket,1632.2379933872521,3449.5627063356915
venda_unica,cql,4,Low Ticket,1216.3114707911782,3103.4452164421236
venda_unica,cql,4,Low Ticket,2663.2311536430825,4328.375507814954
venda_unica,cql,5,Low Ticket,6327.361884154333,5787.851434582084
venda_unica,cql,5,Low Ticket,5943.404203003704,4612.402799282814
venda_unica,cql,5,Low Ticket,6627.811815715369,6346.11192174373
venda_unica,cql,5,Low Ticket,5931.522212838628,4479.166095847407
venda_unica,cql,5,Low Ticket,5831.458102194241,3530.0114476594085
venda_unica,cql,5,Low Ticket,6131.666816752795,5227.933336460648
venda_unica,cql,5,Low Ticket,5611.923914824203,3240.630540875203
venda_unica,cql,5,Low Ticket,5648.744860671259,3222.429883377891
venda_unica,cql,5,Low Ticket,5949.867613856614,4460.539333515742
venda_unica,cql,5,Low Ticket,5589.923215434113,3449.5627063356915
venda_unica,cql,5,Low Ticket,5523.270600633085,3103.4452164421236
venda_unica,cql,5,Low Ticket,5942.955746613106,4328.375507814954
venda_unica,cql,6,High Ticket,116306.61949700881,115557.67078163005
venda_unica,cql,6,High Ticket,108848.88598801299,106398.7575670101
venda_unica,cql,6,High Ticket,133811.05668523395,133686.95898456292
venda_unica,cql,6,High Ticket,101043.5104064281,102492.26432994675
venda_unica,cql,6,High Ticket,94138.3641301104,98702.12342511598
venda_unica,cql,6,High Ticket,117490.81365971598,122183.43079056693
venda_unica,cql,6,High Ticket,87499.5298288588,89363.65994841428
venda_unica,cql,6,High Ticket,81182.92387566782,84962.1075515983
venda_unica,cql,6,High Ticket,102181.53878344301,105457.95808841079
venda_unica,cql,6,High Ticket,87593.3333186505,91822.96553175338
venda_unica,cql,6,High Ticket,81151.06406325227,85200.19976903805
venda_unica,cql,6,High Ticket,102475.02233759197,108853.6527772061
venda_unica,cql,7,High Ticket,252921.6060341128,252487.86477611802
venda_unica,cql,7,High Ticket,235682.17247199817,229512.3550075773
venda_unica,cql,7,High Ticket,293825.4708681385,288002.06348288973
venda_unica,cql,7,High Ticket,217291.124338726,221392.5099170666
venda_unica,cql,7,High Ticket,201570.02213321804,213483.09232968374
venda_unica,cql,7,High Ticket,254877.75881818932,263753.38040374883
venda_unica,cql,7,High Ticket,186816.1099464119,192669.55689400985
venda_unica,cql,7,High Ticket,172784.1675008052,181336.3688332878
venda_unica,cql,7,High Ticket,220055.85454744048,226431.78283273603
venda_unica,cql,7,High Ticket,186961.64703100626,195483.18343948602
venda_unica,cql,7,High Ticket,172730.0580137008,180310.1057437375
venda_unica,cql,7,High Ticket,220331.29065782664,231887.76549776833
venda_unica,cql,8,High Ticket,649344.0887715458,589741.0829392432
venda_unica,cql,8,High Ticket,601784.6273386831,532887.5922047386
venda_unica,cql,8,High Ticket,764036.5504101731,677103.2571285067
venda_unica,cql,8,High Ticket,551839.8832695758,521966.7307268159
venda_unica,cql,8,High Ticket,510706.4963538889,500736.249061178
venda_unica,cql,8,High Ticket,651856.5325533231,610587.487653232
venda_unica,cql,8,High Ticket,470921.3380260772,452110.41478756594
venda_unica,cql,8,High Ticket,434787.1276868338,416806.7177584748
venda_unica,cql,8,High Ticket,559275.7047761533,526797.0752784092
venda_unica,cql,8,High Ticket,471039.30870002153,451331.9538792904
venda_unica,cql,8,High Ticket,437147.0923344809,410709.35513480945
venda_unica,cql,8,High Ticket,558403.6931125127,534253.7575112585
venda_unica,cql,9,High Ticket,740210.6765936115,728304.4318343884
venda_unica,cql,9,High Ticket,683488.7349991581,651132.3462822186
venda_unica,cql,9,High Ticket,873570.1968994808,813333.3765817967
venda_unica,cql,9,High Ticket,624738.6487862595,629578.8056935305
venda_unica,cql,9,High Ticket,576985.6979209898,574312.8254613474
venda_unica,cql,9,High Ticket,741216.9447655325,710656.9060136448
venda_unica,cql,9,High Ticket,528892.8298254859,541071.6032863136
venda_unica,cql,9,High Ticket,487293.8549779266,475887.7902236178
venda_unica,cql,9,High Ticket,636062.4450331981,602432.8692867861
venda_unica,cql,9,High Ticket,533001.4069075047,525412.4782525745
venda_unica,cql,9,High Ticket,491117.88449325965,487369.95788688975
venda_unica,cql,9,High Ticket,634072.57415457,636096.788117041
venda_unica,cql,10,High Ticket,1723995.0698633266,1769693.2480973047
venda_unica,cql,10,High Ticket,1594761.617506048,1563113.0719143124
venda_unica,cql,10,High Ticket,2025269.6103313009,2021136.4401896584
venda_unica,cql,10,High Ticket,1459348.9020015437,1578797.0633348487
venda_unica,cql,10,High Ticket,1349788.4178204448,1364569.263738279
venda_unica,cql,10,High Ticket,1721438.2688827082,1653340.9430315173
venda_unica,cql,10,High Ticket,1241496.7848630769,1289609.3254528723
venda_unica,cql,10,High Ticket,1154780.450541266,1141173.558510872
venda_unica,cql,10,High Ticket,1483596.3949672347,1394276.4080184163
venda_unica,cql,10,High Ticket,1251428.3831435482,1271268.3466785627
venda_unica,cql,10,High Ticket,1153634.0583856027,1175373.9288488764
venda_unica,cql,10,High Ticket,1483305.4060254595,1437399.4486019155
venda_unica,cql,11,High Ticket,4321604.242397629,4284565.890554158
venda_unica,cql,11,High Ticket,4007629.4378287,4149938.5715237907
venda_unica,cql,11,High Ticket,5070040.438099675,5204458.491366021
venda_unica,cql,11,High Ticket,3664301.708185152,3814096.1359212617
venda_unica,cql,11,High Ticket,3379151.5420135665,3269600.1287057986
venda_unica,cql,11,High Ticket,4313531.468084891,4094751.0969285863
venda_unica,cql,11,High Ticket,3130314.9195190202,3174968.662402046
venda_unica,cql,11,High Ticket,2910116.7231808626,2856018.21895045
venda_unica,cql,11,High Ticket,3723910.430878814,3585102.6419845084
venda_unica,cql,11,High Ticket,3144494.603809389,3331650.859917473
venda_unica,cql,11,High Ticket,2910337.778051395,3207645.4926962745
venda_unica,cql,11,High Ticket,3726112.3708846266,3796487.376521429
venda_unica,bc,0,Low Ticket,1173.274754315932,1006.1879388729133
venda_unica,bc,0,Low Ticket,1108.5650104989757,882.8211055735927
venda_unica,bc,0,Low Ticket,1256.8738310082122,1095.263478775631
venda_unica,bc,0,Low Ticket,1026.1727845685386,867.2280911193913
venda_unica,bc,0,Low Ticket,941.0892230430437,710.1108287423888
venda_unica,bc,0,Low Ticket,1173.224265139996,999.4500948640689
venda_unica,bc,0,Low Ticket,850.4862424043295,644.3157044962137
venda_unica,bc,0,Low Ticket,745.8945716662506,648.7317174683802
venda_unica,bc,0,Low Ticket,1041.4566508969608,858.0889128676176
venda_unica,bc,0,Low Ticket,852.100166763941,621.5428862334297
venda_unica,bc,0,Low Ticket,747.0038042440705,638.4440658446041
venda_unica,bc,0,Low Ticket,1041.1569039454178,811.0844346841043
venda_unica,bc,1,Low Ticket,7419.041510159895,6260.743243149405
venda_unica,bc,1,Low Ticket,7016.7717937509115,5488.830376619753
venda_unica,bc,1,Low Ticket,7949.9111273735425,6815.517680887327
venda_unica,bc,1,Low Ticket,6489.49287254289,5398.55605262218
venda_unica,bc,1,Low Ticket,5960.856496016374,4414.847527436681
venda_unica,bc,1,Low Ticket,7418.762849651012,6217.765917408907
venda_unica,bc,1,Low Ticket,5381.356871558088,4007.03753195809
venda_unica,bc,1,Low Ticket,4714.171672564279,4035.1045647214737
venda_unica,bc,1,Low Ticket,6590.824047976288,5337.75974930855
venda_unica,bc,1,Low Ticket,5394.006492406306,3868.5413163178964
venda_unica,bc,1,Low Ticket,4722.084681811964,3978.077793149994
venda_unica,bc,1,Low Ticket,6589.911102762086,5046.752358633788
venda_unica,bc,2,Low Ticket,2684.6174635250372,5731.26578947534
venda_unica,bc,2,Low Ticket,2227.11221184285,4992.284013227218
venda_unica,bc,2,Low Ticket,4497.646407185924,6245.153906080369
venda_unica,bc,2,Low Ticket,1487.5541570882026,4958.672278413142
venda_unica,bc,2,Low Ticket,1307.6128047133257,4016.2842617349393
venda_unica,bc,2,Low Ticket,2686.9248723722835,5680.453928506283
venda_unica,bc,2,Low Ticket,897.5808794687476,3653.486056284379
venda_unica,bc,2,Low Ticket,594.9098172463205,3692.103677873459
venda_unica,bc,2,Low Ticket,1686.3518409850792,4876.370726826678
venda_unica,bc,2,Low Ticket,942.046972613187,3563.2182615174847
venda_unica,bc,2,Low Ticket,608.2397667772522,3665.2272852277524
venda_unica,bc,2,Low Ticket,1709.3852953817448,4615.301905265935
venda_unica,bc,3,Low Ticket,5655.453819699696,5731.26578947534
venda_unica,bc,3,Low Ticket,5453.908545946807,4992.284013227218
venda_unica,bc,3,Low Ticket,5672.101621700116,6245.153906080369
venda_unica,bc,3,Low Ticket,5510.656094713328,4958.672278413142
venda_unica,bc,3,Low Ticket,5199.455287794384,4016.2842617349393
venda_unica,bc,3,Low Ticket,5653.674971660462,5680.453928506283
venda_unica,bc,3,Low Ticket,5238.539088598235,3653.486056284379
venda_unica,bc,3,Low Ticket,5233.292652686447,3692.103677873459
venda_unica,bc,3,Low Ticket,5422.603461497578,4876.370726826678
venda_unica,bc,3,Low Ticket,5179.532420696348,3563.2182615174847
venda_unica,bc,3,Low Ticket,5211.0891384770275,3665.2272852277524
venda_unica,bc,3,Low Ticket,5400.845232130732,4615.301905265935
venda_unica,bc,4,Low Ticket,3403.803773245796,6423.788566926265
venda_unica,bc,4,Low Ticket,2813.245371456462,5318.35374819734
venda_unica,bc,4,Low Ticket,5710.353672717707,6894.787836345405
venda_unica,bc,4,Low Ticket,1892.6676004661995,5574.578720835135
venda_unica,bc,4,Low Ticket,1651.2962670336062,4248.168609775599
venda_unica,bc,4,Low Ticket,3421.5828805582596,6126.755976381683
venda_unica,bc,4,Low Ticket,1116.3120690678343,4091.8717219569508
venda_unica,bc,4,Low Ticket,741.2843413295096,4189.442670617453
venda_unica,bc,4,Low Ticket,2118.1300739973735,5209.9288283552605
venda_unica,bc,4,Low Ticket,1178.7964503038072,4299.631820501675
venda_unica,bc,4,Low Ticket,764.973630615419,4267.936976428069
venda_unica,bc,4,Low Ticket,2149.8509855863713,5120.072346120353
venda_unica,bc,5,Low Ticket,6754.975339335624,6423.788566926265
venda_unica,bc,5,Low Ticket,6498.518002482209,5318.35374819734
venda_unica,bc,5,Low Ticket,6759.301927578045,6894.787836345405
venda_unica,bc,5,Low Ticket,6572.3968341850505,5574.578720835135
venda_unica,bc,5,Low Ticket,6177.5250920899625,4248.168609775599
venda_unica,bc,5,Low Ticket,6740.289675254448,6126.755976381683
venda_unica,bc,5,Low Ticket,6274.068732285848,4091.8717219569508
venda_unica,bc,5,Low Ticket,6286.406644503339,4189.442670617453
venda_unica,bc,5,Low Ticket,6477.266134165164,5209.9288283552605
venda_unica,bc,5,Low Ticket,6183.254365539306,4299.631820501675
venda_unica,bc,5,Low Ticket,6242.828264369032,4267.936976428069
venda_unica,bc,5,Low Ticket,6444.936828753511,5120.072346120353
venda_unica,bc,6,High Ticket,116374.86176044175,115220.94610793903
venda_unica,bc,6,High Ticket,109966.07554605532,104791.31242092486
venda_unica,bc,6,High Ticket,124706.3885035631,127834.21615460602
venda_unica,bc,6,High Ticket,101448.55847681614,102207.88932230738
venda_unica,bc,6,High Ticket,92975.70113055468,93653.42715295867
venda_unica,bc,6,High Ticket,116511.9580098453,120511.8993693312
venda_unica,bc,6,High Ticket,84777.69496319714,83364.72160966051
venda_unica,bc,6,High Ticket,74707.98723096917,73729.82775702428
venda_unica,bc,6,High Ticket,103162.83870924913,106237.00556431866
venda_unica,bc,6,High Ticket,84449.18172268732,86208.67548291739
venda_unica,bc,6,High Ticket,74809.81388062256,73214.63451229491
venda_unica,bc,6,High Ticket,103169.12492640219,106777.47484565133
venda_unica,bc,7,High Ticket,250004.88694124203,247594.50044580954
venda_unica,bc,7,High Ticket,236076.24880417346,226133.03461419878
venda_unica,bc,7,High Ticket,267827.1911331395,274322.55973237206
venda_unica,bc,7,High Ticket,217893.3177190804,220294.15055844001
venda_unica,bc,7,High Ticket,199626.7311470617,200957.84204686328
venda_unica,bc,7,High Ticket,250255.31379973804,259196.7847664889
venda_unica,bc,7,High Ticket,181848.7938267451,180910.51054653517
venda_unica,bc,7,High Ticket,160270.29927715653,160077.8088693139
venda_unica,bc,7,High Ticket,221407.37258627557,226861.97581016418
venda_unica,bc,7,High Ticket,181216.83421866124,184999.3384584032
venda_unica,bc,7,High Ticket,160473.73497909267,158594.83207275256
venda_unica,bc,7,High Ticket,221450.95513353104,228550.38797252014
venda_unica,bc,8,High Ticket,625971.2959711512,576490.0178782984
venda_unica,bc,8,High Ticket,592844.5520648881,533479.450172153
venda_unica,bc,8,High Ticket,663427.867472971,638425.6312461847
venda_unica,bc,8,High Ticket,553322.7775841216,516077.07220096816
venda_unica,bc,8,High Ticket,511016.19067247387,467134.3872619036
venda_unica,bc,8,High Ticket,626346.1566401005,604361.0310741893
venda_unica,bc,8,High Ticket,469472.8721125487,427589.9473888374
venda_unica,bc,8,High Ticket,418579.60003216966,377602.9474752991
venda_unica,bc,8,High Ticket,559565.4910625437,521635.26565132063
venda_unica,bc,8,High Ticket,468164.1439001198,430876.6512894974
venda_unica,bc,8,High Ticket,419107.473844726,371395.6178258913
venda_unica,bc,8,High Ticket,559991.4520505617,528880.9875932374
venda_unica,bc,9,High Ticket,709130.215732152,712921.4884603072
venda_unica,bc,9,High Ticket,669188.5469612501,675564.153419262
venda_unica,bc,9,High Ticket,750321.1186723532,740100.8833910284
venda_unica,bc,9,High Ticket,624673.01918216,632885.7223711242
venda_unica,bc,9,High Ticket,577341.3949327559,568960.4737156645
venda_unica,bc,9,High Ticket,705130.6083231801,721704.6486778817
venda_unica,bc,9,High Ticket,527841.229549681,535868.4455995017
venda_unica,bc,9,High Ticket,469682.6969694211,474066.6522891266
venda_unica,bc,9,High Ticket,632738.450327324,601335.8226296366
venda_unica,bc,9,High Ticket,527652.2211351106,506725.8330768688
venda_unica,bc,9,High Ticket,469417.8639442582,462660.8676974953
venda_unica,bc,9,High Ticket,632862.2831340086,611335.7538668464
venda_unica,bc,10,High Ticket,1678313.8987700325,1666687.7423087868
venda_unica,bc,10,High Ticket,1580201.3975011546,1557052.9083822512
venda_unica,bc,10,High Ticket,1790420.2105120684,1787992.4438408785
venda_unica,bc,10,High Ticket,1460407.910526357,1560773.8127659915
venda_unica,bc,10,High Ticket,1339497.6233553228,1299681.3981516415
venda_unica,bc,10,High Ticket,1667897.7192485712,1715703.0760853144
venda_unica,bc,10,High Ticket,1205630.6731426367,1173921.2672255284
venda_unica,bc,10,High Ticket,1061417.9636495847,985820.7067986856
venda_unica,bc,10,High Ticket,1483927.1477927817,1406420.6532838785
venda_unica,bc,10,High Ticket,1208654.3604147744,1254912.5786154578
venda_unica,bc,10,High Ticket,1060806.9069769685,1128325.4980245032
venda_unica,bc,10,High Ticket,1483958.664829734,1395500.6655832909
venda_unica,bc,11,High Ticket,4159402.9849944664,4147103.763060342
venda_unica,bc,11,High Ticket,3916903.526120988,3975798.6213547676
venda_unica,bc,11,High Ticket,4366682.491432173,4757432.877283566
venda_unica,bc,11,High Ticket,3665641.6415184303,3660280.664204283
venda_unica,bc,11,High Ticket,3383818.2777023152,3270354.819239833
venda_unica,bc,11,High Ticket,4125906.96554155,3943590.598368174
venda_unica,bc,11,High Ticket,3049268.688968036,2787318.900939967
venda_unica,bc,11,High Ticket,2736023.8167986576,2682845.226753069
venda_unica,bc,11,High Ticket,3707867.863512158,3591952.8571092584
venda_unica,bc,11,High Ticket,3028610.8564000083,2947734.397058953
venda_unica,bc,11,High Ticket,2720596.030761987,2866662.478574404
venda_unica,bc,11,High Ticket,3726612.1574347955,3760798.304836923
assinatura,cql,0,Low Ticket,37217.48921121206,35820.772856818054
assinatura,cql,0,Low Ticket,36330.94671925891,35606.501898296774
assinatura,cql,0,Low Ticket,38490.04449973764,38010.68217416539
assinatura,cql,0,Low Ticket,35069.07837991086,35505.170316474345
assinatura,cql,0,Low Ticket,33676.4160521397,33989.00527852009
assinatura,cql,0,Low Ticket,37228.41265887618,36242.82561521151
assinatura,cql,0,Low Ticket,32078.181833561724,32502.442767682194
assinatura,cql,0,Low Ticket,30199.426076881242,30728.731200647293
assinatura,cql,0,Low Ticket,35294.604220660905,34799.695792834915
assinatura,cql,0,Low Ticket,32065.888489316323,32735.041624115016
assinatura,cql,0,Low Ticket,30183.02643360965,30678.28121022791
assinatura,cql,0,Low Ticket,35304.001062733776,34761.044788955776
assinatura,cql,1,Low Ticket,214566.8829926439,204349.8066220978
assinatura,cql,1,Low Ticket,209464.72777078417,203135.82536167113
assinatura,cql,1,Low Ticket,221872.87629963388,216832.46532094746
assinatura,cql,1,Low Ticket,202187.84489875025,202429.47563220916
assinatura,cql,1,Low Ticket,194162.97108785398,193731.05382396968
assinatura,cql,1,Low Ticket,214644.80175984447,206733.7774322692
assinatura,cql,1,Low Ticket,184955.47245941567,185463.7421461221
assinatura,cql,1,Low Ticket,174072.78106559633,175314.87823610916
assinatura,cql,1,Low Ticket,203489.2901065847,198626.91245976926
assinatura,cql,1,Low Ticket,184877.45374282476,186732.18419460097
assinatura,cql,1,Low Ticket,174006.77033205863,175036.2604708361
assinatura,cql,1,Low Ticket,203541.53026145048,198426.76960332054
assinatura,cql,2,Low Ticket,128645.44887634976,119743.20960304527
assinatura,cql,2,Low Ticket,125814.26665552882,118982.06758409235
assinatura,cql,2,Low Ticket,132833.91598614896,126989.26694671348
assinatura,cql,2,Low Ticket,122072.23689066629,118706.18238639183
assinatura,cql,2,Low Ticket,117828.96623292247,113630.8942869098
assinatura,cql,2,Low Ticket,128707.28150215978,121146.20697991371
assinatura,cql,2,Low Ticket,113153.91804332838,108614.94586076944
assinatura,cql,2,Low Ticket,107553.0783017307,102744.38594087624
assinatura,cql,2,Low Ticket,122610.09816109425,116332.10200981172
assinatura,cql,2,Low Ticket,113137.11379899964,109363.03062111071
assinatura,cql,2,Low Ticket,107516.24039441477,102593.22792863463
assinatura,cql,2,Low Ticket,122679.6889517562,116224.30371197138
assinatura,cql,3,Low Ticket,279127.9073378312,268045.0914156683
assinatura,cql,3,Low Ticket,272488.5874012836,266354.373773412
assinatura,cql,3,Low Ticket,288620.71374563884,284268.2634016923
assinatura,cql,3,Low Ticket,263026.29820525326,265591.1572010574
assinatura,cql,3,Low Ticket,252591.70085331507,254187.95025551083
assinatura,cql,3,Low Ticket,279232.57261453825,271163.86401394237
assinatura,cql,3,Low Ticket,240617.44365345553,243182.89894903076
assinatura,cql,3,Low Ticket,226485.08153282813,230001.3399200496
assinatura,cql,3,Low Ticket,264719.7007156396,260500.99894248773
assinatura,cql,3,Low Ticket,240522.53295333413,244805.95504568345
assinatura,cql,3,Low Ticket,226399.60719065,229669.1613655141
assinatura,cql,3,Low Ticket,264785.43496765324,260286.83174897675
assinatura,cql,4,Low Ticket,170886.69695273152,158156.73155801784
assinatura,cql,4,Low Ticket,167100.57509309467,156721.9828028762
assinatura,cql,4,Low Ticket,176310.06817018677,167012.81591675876
assinatura,cql,4,Low Ticket,162151.38615392693,157190.25248641433
assinatura,cql,4,Low Ticket,156568.02780532656,150620.61872868772
assinatura,cql,4,Low Ticket,171026.36781772724,160433.18554077012
assinatura,cql,4,Low Ticket,150403.72919665856,143484.27032932086
assinatura,cql,4,Low Ticket,143097.7298441063,136230.8127171871
assinatura,cql,4,Low Ticket,162923.64274710414,153566.12731461888
assinatura,cql,4,Low Ticket,150404.62862271862,143988.99925103536
assinatura,cql,4,Low Ticket,143067.73291689792,136273.42372044778
assinatura,cql,4,Low Ticket,162953.31814498096,153606.5484232436
assinatura,cql,5,Low Ticket,371209.8381637655,356580.74947387626
assinatura,cql,5,Low Ticket,362361.2818843545,353419.582170125
assinatura,cql,5,Low Ticket,383620.85629046283,376640.05871648656
assinatura,cql,5,Low Ticket,349852.8077690197,354278.2796700951
assinatura,cql,5,Low Ticket,336072.6843021063,339387.01815865637
assinatura,cql,5,Low Ticket,371421.9306072259,361748.4957754735
assinatura,cql,5,Low Ticket,320188.21923312836,323515.43231399165
assinatura,cql,5,Low Ticket,301812.0783111578,307206.17072735
assinatura,cql,5,Low Ticket,352150.6005961191,346350.9456151933
assinatura,cql,5,Low Ticket,320179.9776417841,324595.4544789387
assinatura,cql,5,Low Ticket,301719.9778018667,307264.4596712927
assinatura,cql,5,Low Ticket,352169.923345981,346466.2047486908
assinatura,cql,6,High Ticket,3151340.2273802105,3214218.2042095745
assinatura,cql,6,High Ticket,3037143.172588655,3051149.0792236184
assinatura,cql,6,High Ticket,3385297.6418784326,3395276.7883675927
assinatura,cql,6,High Ticket,2908620.849952312,2993751.8210726683
assinatura,cql,6,High Ticket,2787643.665988108,2789151.5840424076
assinatura,cql,6,High Ticket,3160156.728894578,3120427.66147465
assinatura,cql,6,High Ticket,2676414.8311185953,2651455.485143307
assinatura,cql,6,High Ticket,2565633.399761716,2557720.6621110896
assinatura,cql,6,High Ticket,2931322.238260645,2766545.708261828
assinatura,cql,6,High Ticket,2680518.8001733935,2617736.9032461867
assinatura,cql,6,High Ticket,2564372.2115687127,2561378.385919226
assinatura,cql,6,High Ticket,2936269.6844054963,2808923.7597872815
assinatura,cql,7,High Ticket,7067762.5046980195,7279983.823866395
assinatura,cql,7,High Ticket,6819004.937136069,6966492.956211552
assinatura,cql,7,High Ticket,7616007.343996004,7846869.028834012
assinatura,cql,7,High Ticket,6514795.3739112895,6736351.364633454
assinatura,cql,7,High Ticket,6250153.032571136,6305715.187405385
assinatura,cql,7,High Ticket,7084185.037240515,7138128.361404217
assinatura,cql,7,High Ticket,5996789.884083797,6024906.48277673
assinatura,cql,7,High Ticket,5742301.733018637,5818847.792280668
assinatura,cql,7,High Ticket,6560259.374454759,6390224.511999556
assinatura,cql,7,High Ticket,6000764.4548015045,5920302.011337594
assinatura,cql,7,High Ticket,5742309.421363419,5792992.983556668
assinatura,cql,7,High Ticket,6567461.880596415,6474374.207559977
assinatura,cql,8,High Ticket,17835626.00005377,17595200.412309155
assinatura,cql,8,High Ticket,17217818.117629163,17144919.73694148
assinatura,cql,8,High Ticket,19317223.13550276,19596806.668370903
assinatura,cql,8,High Ticket,16429440.941537928,15983050.168418886
assinatura,cql,8,High Ticket,15699746.171421034,15024556.05584431
assinatura,cql,8,High Ticket,17887916.209607653,17499322.248239357
assinatura,cql,8,High Ticket,15124748.287237989,14780306.732038703
assinatura,cql,8,High Ticket,14486774.292533778,14252692.625555929
assinatura,cql,8,High Ticket,16456688.954076825,16101001.517501358
assinatura,cql,8,High Ticket,15138755.242585098,14641764.71289208
assinatura,cql,8,High Ticket,14484950.795942567,14217474.585467191
assinatura,cql,8,High Ticket,16576227.388811653,16531446.076377338
assinatura,cql,9,High Ticket,20983876.233805954,20507864.6042762
assinatura,cql,9,High Ticket,20185584.52949634,20280531.11776549
assinatura,cql,9,High Ticket,22665757.034826502,22724332.418133583
assinatura,cql,9,High Ticket,19286894.544822212,19481612.84087332
assinatura,cql,9,High Ticket,18489597.617879566,17989829.454607412
assinatura,cql,9,High Ticket,20981027.506039493,20621767.104885887
assinatura,cql,9,High Ticket,17758561.62057661,16835173.141572133
assinatura,cql,9,High Ticket,16962096.673137113,16688983.770344526
assinatura,cql,9,High Ticket,19441295.112568676,19124947.62454679
assinatura,cql,9,High Ticket,17718235.90337596,16729098.181357082
assinatura,cql,9,High Ticket,16761231.282792564,16968554.35065058
assinatura,cql,9,High Ticket,19430850.997408323,19445137.81019611
assinatura,cql,10,High Ticket,47821900.291795895,48165805.13857182
assinatura,cql,10,High Ticket,46086774.38205901,48123404.89179308
assinatura,cql,10,High Ticket,50620599.682531305,50650668.51901099
assinatura,cql,10,High Ticket,44014877.90782588,44626662.04525388
assinatura,cql,10,High Ticket,42225995.38671764,43373170.34171131
assinatura,cql,10,High Ticket,47831866.42929858,48171696.28372408
assinatura,cql,10,High Ticket,40517816.027222976,40585877.590368815
assinatura,cql,10,High Ticket,38794328.82352474,38559302.48374892
assinatura,cql,10,High Ticket,44171615.82372568,44254677.63629892
assinatura,cql,10,High Ticket,40344433.304378495,41448535.1026242
assinatura,cql,10,High Ticket,38775342.53094704,39737806.77936902
assinatura,cql,10,High Ticket,43674676.97340542,41966297.1217725
assinatura,cql,11,High Ticket,118512143.68654405,116767977.44343966
assinatura,cql,11,High Ticket,113951860.52708259,114778769.17038997
assinatura,cql,11,High Ticket,126762547.91032058,126123164.20933251
assinatura,cql,11,High Ticket,108681947.47517772,106262638.83766775
assinatura,cql,11,High Ticket,104493421.55591689,105246113.72571018
assinatura,cql,11,High Ticket,118258694.3943498,116759905.65929545
assinatura,cql,11,High Ticket,98093218.5504347,97612406.31576623
assinatura,cql,11,High Ticket,95969262.17837398,95405956.47685193
assinatura,cql,11,High Ticket,109448324.42985858,114632824.67871964
assinatura,cql,11,High Ticket,100243362.39282411,101543752.19734251
assinatura,cql,11,High Ticket,96006622.52457163,98803480.99553254
assinatura,cql,11,High Ticket,109270492.69735672,108011285.82874309
assinatura,bc,0,Low Ticket,37440.39598903504,36732.874458399674
assinatura,bc,0,Low Ticket,36449.72752784798,36003.7224562354
assinatura,bc,0,Low Ticket,38486.88191049598,39093.20180274394
assinatura,bc,0,Low Ticket,35112.72571210491,36050.89947252867
assinatura,bc,0,Low Ticket,33573.9168342378,33764.89836073952
assinatura,bc,0,Low Ticket,37443.4935472633,37698.58544532056
assinatura,bc,0,Low Ticket,31622.196091969377,32951.35700834839
assinatura,bc,0,Low Ticket,29105.455341218458,30306.94724637525
assinatura,bc,0,Low Ticket,35397.098125259836,36712.914805892004
assinatura,bc,0,Low Ticket,31575.04467562507,32981.47442786632
assinatura,bc,0,Low Ticket,29028.959995594734,29983.37523172793
assinatura,bc,0,Low Ticket,35393.96308358977,35944.479542267254
assinatura,bc,1,Low Ticket,215854.46393701213,209493.18878409427
assinatura,bc,1,Low Ticket,210143.30871137453,205369.4515865141
assinatura,bc,1,Low Ticket,221885.13654373956,222984.8938556307
assinatura,bc,1,Low Ticket,202427.2027053747,205637.87009599857
assinatura,bc,1,Low Ticket,193565.85322335624,192713.97756101124
assinatura,bc,1,Low Ticket,215863.01234407283,215041.43283301397
assinatura,bc,1,Low Ticket,182302.03920712366,188033.5013045953
assinatura,bc,1,Low Ticket,167781.93376308065,172962.9730227081
assinatura,bc,1,Low Ticket,204073.4387905252,209645.5192562641
assinatura,bc,1,Low Ticket,182027.66566254187,188107.13021781214
assinatura,bc,1,Low Ticket,167339.59058672545,171065.73876021378
assinatura,bc,1,Low Ticket,204056.0064585662,205066.08578576666
assinatura,bc,2,Low Ticket,129832.34928439252,122790.35876486156
assinatura,bc,2,Low Ticket,126529.88134765725,120387.48156599453
assinatura,bc,2,Low Ticket,132847.97327403128,130652.33408257527
assinatura,bc,2,Low Ticket,122929.08295973089,120542.8654739496
assinatura,bc,2,Low Ticket,117954.33877665458,112980.66305186161
assinatura,bc,2,Low Ticket,129845.09786582473,126030.82367699506
assinatura,bc,2,Low Ticket,112039.95804008673,110178.45136045506
assinatura,bc,2,Low Ticket,104076.79116317506,101333.917332215
assinatura,bc,2,Low Ticket,123527.77640132672,122864.16011125859
assinatura,bc,2,Low Ticket,111892.21037189139,110255.25132147511
assinatura,bc,2,Low Ticket,103795.66877240922,100301.55251846697
assinatura,bc,2,Low Ticket,123491.50537765451,120197.56930653639
assinatura,bc,3,Low Ticket,280822.0425100693,274804.1117879563
assinatura,bc,3,Low Ticket,273386.0746254699,269446.7895101978
assinatura,bc,3,Low Ticket,288668.35896867013,292434.8987149663
assinatura,bc,3,Low Ticket,263350.85006264894,269802.53636461403
assinatura,bc,3,Low Ticket,251817.0214431063,252973.21318490026
assinatura,bc,3,Low Ticket,280831.2761466348,282095.0255153909
assinatura,bc,3,Low Ticket,237155.8200694852,246669.9315411172
assinatura,bc,3,Low Ticket,218250.69701511247,226895.47680495348
assinatura,bc,3,Low Ticket,265490.3805096576,275208.21258374956
assinatura,bc,3,Low Ticket,236797.3021725163,246758.48606607455
assinatura,bc,3,Low Ticket,217676.24641392726,224526.6574174795
assinatura,bc,3,Low Ticket,265467.1221951304,269063.3269013272
assinatura,bc,4,Low Ticket,172624.7728629358,162652.95301428073
assinatura,bc,4,Low Ticket,168201.9854251112,159470.46773857958
assinatura,bc,4,Low Ticket,176637.35103106918,172495.9108832199
assinatura,bc,4,Low Ticket,163401.92388053716,159748.78495838633
assinatura,bc,4,Low Ticket,156778.13838462863,150898.5514631767
assinatura,bc,4,Low Ticket,172620.53967398737,167111.92954497875
assinatura,bc,4,Low Ticket,148839.7697469797,145459.03707164715
assinatura,bc,4,Low Ticket,138143.88991100815,134054.76791100815
assinatura,bc,4,Low Ticket,164225.79117664002,162909.77248979823
assinatura,bc,4,Low Ticket,148644.34501662562,145274.86860443524
assinatura,bc,4,Low Ticket,137780.7907119077,133524.8217674738
assinatura,bc,4,Low Ticket,164166.91171476923,159544.13846881493
assinatura,bc,5,Low Ticket,373687.12868922687,366709.1599594825
assinatura,bc,5,Low Ticket,363746.02539125277,359571.7221042022
assinatura,bc,5,Low Ticket,384139.9309791336,388916.56938510266
assinatura,bc,5,Low Ticket,350374.36393684987,360145.3425842173
assinatura,bc,5,Low Ticket,334999.87393884314,340351.89422619634
assinatura,bc,5,Low Ticket,373669.4117432122,376799.3265678412
assinatura,bc,5,Low Ticket,315316.55676672974,327956.2435183127
assinatura,bc,5,Low Ticket,289964.3564586921,302380.6600287466
assinatura,bc,5,Low Ticket,353236.22770274477,367491.52041974483
assinatura,bc,5,Low Ticket,314846.21680954465,327505.5686259414
assinatura,bc,5,Low Ticket,289240.66284538194,301084.3621441932
assinatura,bc,5,Low Ticket,353198.2765016257,359757.55343679775
assinatura,bc,6,High Ticket,3107531.9224854275,3238736.129056011
assinatura,bc,6,High Ticket,3025645.640751312,3106107.2270081746
assinatura,bc,6,High Ticket,3197325.447506815,3177237.2729581753
assinatura,bc,6,High Ticket,2911445.8472863995,3066150.7066753027
assinatura,bc,6,High Ticket,2774500.00957095,2833872.06047829
assinatura,bc,6,High Ticket,3117910.501352516,3063755.5442434386
assinatura,bc,6,High Ticket,2628987.041582991,2636753.9593016966
assinatura,bc,6,High Ticket,2433189.882685876,2451660.3269262235
assinatura,bc,6,High Ticket,2935272.013785391,2814134.1013395856
assinatura,bc,6,High Ticket,2617866.186113571,2735338.5938661657
assinatura,bc,6,High Ticket,2431378.8077976312,2458256.2840714827
assinatura,bc,6,High Ticket,2935314.1021237997,2886397.062258996
assinatura,bc,7,High Ticket,6961787.7746172985,7262715.333240004
assinatura,bc,7,High Ticket,6771544.62532749,7037337.077190632
assinatura,bc,7,High Ticket,7165503.695911109,7202658.68393864
assinatura,bc,7,High Ticket,6512939.025397392,6893026.481889102
assinatura,bc,7,High Ticket,6202454.908582971,6430428.099369722
assinatura,bc,7,High Ticket,6980687.064328126,6972020.328520149
assinatura,bc,7,High Ticket,5877307.860698837,5976199.138059894
assinatura,bc,7,High Ticket,5438194.615309713,5617958.594227906
assinatura,bc,7,High Ticket,6567145.084182906,6559187.18779743
assinatura,bc,7,High Ticket,5850712.103760926,6154656.300215701
assinatura,bc,7,High Ticket,5433292.586848312,5552499.463245424
assinatura,bc,7,High Ticket,6567724.631389622,6641135.729777744
assinatura,bc,8,High Ticket,17502833.97604364,17448032.54945982
assinatura,bc,8,High Ticket,16998594.949338082,17144269.890142296
assinatura,bc,8,High Ticket,17929617.777713124,17847798.0237677
assinatura,bc,8,High Ticket,16438997.404740253,16617892.32079147
assinatura,bc,8,High Ticket,15729283.786488067,15508421.013235258
assinatura,bc,8,High Ticket,17519322.165956084,17147507.490052294
assinatura,bc,8,High Ticket,14985583.23296558,14571561.314432984
assinatura,bc,8,High Ticket,13987391.152281456,13955295.47324831
assinatura,bc,8,High Ticket,16544244.575734971,16799171.323554978
assinatura,bc,8,High Ticket,14908920.925559288,14946396.60462897
assinatura,bc,8,High Ticket,13921382.345918303,13437842.909809543
assinatura,bc,8,High Ticket,16551630.894809468,16663353.342525648
assinatura,bc,9,High Ticket,20648481.55109416,20468229.63258926
assinatura,bc,9,High Ticket,20001242.822305065,20642789.132506106
assinatura,bc,9,High Ticket,21209331.214044973,21161116.534659617
assinatura,bc,9,High Ticket,19274101.90180833,20030198.411704957
assinatura,bc,9,High Ticket,18447576.166866623,18701897.89201082
assinatura,bc,9,High Ticket,20567676.58881099,20734994.031900387
assinatura,bc,9,High Ticket,17498374.709805567,17346269.330756664
assinatura,bc,9,High Ticket,16202945.55359954,16357779.357708624
assinatura,bc,9,High Ticket,19436026.969735622,19696064.862528063
assinatura,bc,9,High Ticket,17467658.52190241,17369565.723442193
assinatura,bc,9,High Ticket,16207170.785267198,16317218.196415382
assinatura,bc,9,High Ticket,19426452.69091553,19750506.980990384
assinatura,bc,10,High Ticket,47103990.73201044,49274041.52993376
assinatura,bc,10,High Ticket,45735447.76177999,48754543.2227973
assinatura,bc,10,High Ticket,48552025.76283565,49312606.88589853
assinatura,bc,10,High Ticket,44014994.05430985,46422393.19372912
assinatura,bc,10,High Ticket,42037267.4474042,45600752.54432694
assinatura,bc,10,High Ticket,46858956.98476292,48712307.66458112
assinatura,bc,10,High Ticket,39517279.387792304,40833635.063888706
assinatura,bc,10,High Ticket,36325872.498807825,38566588.77629546
assinatura,bc,10,High Ticket,44382360.74636589,45120534.81205553
assinatura,bc,10,High Ticket,39502681.865478896,42107091.72660142
assinatura,bc,10,High Ticket,36350477.92612072,37960264.30628199
assinatura,bc,10,High Ticket,44377721.59134556,44779907.10541257
assinatura,bc,11,High Ticket,115487082.32346126,120911567.01905428
assinatura,bc,11,High Ticket,112315541.21579377,115813649.29834667
assinatura,bc,11,High Ticket,118006022.14617342,123343385.49417016
assinatura,bc,11,High Ticket,108893216.17610548,113771731.16911148
assinatura,bc,11,High Ticket,104329428.71415362,112494741.74578288
assinatura,bc,11,High Ticket,115249037.26179373,118848186.78978634
assinatura,bc,11,High Ticket,98230705.91208768,102395314.3673174
assinatura,bc,11,High Ticket,91857088.5171232,96496133.8548157
assinatura,bc,11,High Ticket,109508671.74399787,115709777.59937319
assinatura,bc,11,High Ticket,97470905.7620355,100609526.11194016
assinatura,bc,11,High Ticket,91368186.59573732,94623579.44850758
assinatura,bc,11,High Ticket,109845216.38900104,110917459.83781283
