modelo,politica,semente,avaliado_em,pct_do_otimo
venda_unica,aleatorio,42,origem,78.20707288089804
venda_unica,aleatorio,42,destino,74.15308778972796
venda_unica,meio_faixa,42,origem,80.53198242046969
venda_unica,meio_faixa,42,destino,80.57239945739191
venda_unica,sl,42,origem,77.96004089661454
venda_unica,sl,42,destino,74.12099628993434
venda_unica,bandido,42,origem,82.7153511639571
venda_unica,bandido,42,destino,70.70310849433173
venda_unica,bc,42,origem,83.32090308104215
venda_unica,bc,42,destino,82.30929968245664
venda_unica,cql,42,origem,85.34852939705773
venda_unica,cql,42,destino,83.8225288308876
venda_unica,oraculo_obs,42,origem,89.1361340642783
venda_unica,oraculo_obs,42,destino,88.6002890518026
assinatura,aleatorio,42,origem,92.34624784877367
assinatura,aleatorio,42,destino,87.26950939070778
assinatura,meio_faixa,42,origem,98.1434763615606
assinatura,meio_faixa,42,destino,96.81621535110305
assinatura,sl,42,origem,94.54293224255142
assinatura,sl,42,destino,93.86720745766607
assinatura,bandido,42,origem,98.7984977398956
assinatura,bandido,42,destino,88.84663166623773
assinatura,bc,42,origem,97.66239625356046
assinatura,bc,42,destino,97.89983914815026
assinatura,cql,42,origem,98.02330110072836
assinatura,cql,42,destino,97.98013704781161
assinatura,oraculo_obs,42,origem,100.0
assinatura,oraculo_obs,42,destino,100.0
venda_unica,aleatorio,43,origem,76.58970794152735
venda_unica,aleatorio,43,destino,66.98510625664765
venda_unica,meio_faixa,43,origem,80.53198242046969
venda_unica,meio_faixa,43,destino,80.57239945739191
venda_unica,sl,43,origem,77.57528564558623
venda_unica,sl,43,destino,72.5781653300493
venda_unica,bandido,43,origem,82.64577160977109
venda_unica,bandido,43,destino,70.01880437118689
venda_unica,bc,43,origem,83.76088114249227
venda_unica,bc,43,destino,82.8288525833182
venda_unica,cql,43,origem,85.24272953266282
venda_unica,cql,43,destino,82.67398895451792
venda_unica,oraculo_obs,43,origem,89.1361340642783
venda_unica,oraculo_obs,43,destino,88.6002890518026
assinatura,aleatorio,43,origem,89.8958994993987
assinatura,aleatorio,43,destino,84.82769516332617
assinatura,meio_faixa,43,origem,98.1434763615606
assinatura,meio_faixa,43,destino,96.81621535110305
assinatura,sl,43,origem,94.4994589419557
assinatura,sl,43,destino,90.87074512888746
assinatura,bandido,43,origem,98.65455354949553
assinatura,bandido,43,destino,84.69831193437659
assinatura,bc,43,origem,97.56862092023657
assinatura,bc,43,destino,98.1443215597807
assinatura,cql,43,origem,97.93065702363002
assinatura,cql,43,destino,98.23714231822878
assinatura,oraculo_obs,43,origem,100.0
assinatura,oraculo_obs,43,destino,100.0
venda_unica,aleatorio,44,origem,69.79201590057141
venda_unica,aleatorio,44,destino,71.00215321065565
venda_unica,meio_faixa,44,origem,80.53198242046969
venda_unica,meio_faixa,44,destino,80.57239945739191
venda_unica,sl,44,origem,77.99386851179302
venda_unica,sl,44,destino,73.27237291526212
venda_unica,bandido,44,origem,82.31993926630403
venda_unica,bandido,44,destino,70.8944571911335
venda_unica,bc,44,origem,83.25565114772448
venda_unica,bc,44,destino,82.19900093015178
venda_unica,cql,44,origem,85.30705880180062
venda_unica,cql,44,destino,82.70007553642542
venda_unica,oraculo_obs,44,origem,89.1361340642783
venda_unica,oraculo_obs,44,destino,88.6002890518026
assinatura,aleatorio,44,origem,90.47551843286482
assinatura,aleatorio,44,destino,84.71034710995649
assinatura,meio_faixa,44,origem,98.1434763615606
assinatura,meio_faixa,44,destino,96.81621535110305
assinatura,sl,44,origem,94.24179590907448
assinatura,sl,44,destino,91.56870363496097
assinatura,bandido,44,origem,96.5226532101881
assinatura,bandido,44,destino,78.59581035202594
assinatura,bc,44,origem,97.68824803298334
assinatura,bc,44,destino,97.77843266219628
assinatura,cql,44,origem,97.98364205079034
assinatura,cql,44,destino,97.83601234745899
assinatura,oraculo_obs,44,origem,100.0
assinatura,oraculo_obs,44,destino,100.0
