modelo,politica,n_sementes,pct_origem,origem_ic95_inf,origem_ic95_sup,pct_destino,destino_ic95_inf,destino_ic95_sup,queda_pp,queda_ic95_inf,queda_ic95_sup
venda_unica,aleatorio,3,74.86293224099893,63.770315279638105,85.95554920235976,70.71344908567708,61.78868439005864,79.63821378129553,4.149483155321846,-9.284738365286369,17.58370467593006
venda_unica,meio_faixa,3,80.53198242046969,80.53198242046969,80.53198242046969,80.57239945739191,80.57239945739191,80.57239945739191,-0.04041703692222143,-0.04041703692222143,-0.04041703692222143
venda_unica,sl,3,77.84306501799794,77.26545400793157,78.42067602806432,73.32384484508192,71.40434589285962,75.24334379730422,4.519220172916012,3.0164270110691076,6.022013334762916
venda_unica,bandido,3,82.56035401334408,82.03597280341732,83.08473522327084,70.53879001888403,69.39516255089245,71.68241748687561,12.021563994460033,10.529101965323811,13.514026023596255
venda_unica,bc,3,83.44581179041963,82.76316651588387,84.12845706495538,82.44571773197553,81.61016188666065,83.28127357729042,1.0000940584440912,0.8433375260766005,1.1568505908115818
venda_unica,cql,3,85.29943924384038,85.16701009601982,85.43186839166094,83.06553110727698,81.43665965259129,84.69440256196268,2.2339081365634095,0.7102273403448072,3.757588932782012
venda_unica,oraculo_obs,3,89.1361340642783,89.1361340642783,89.1361340642783,88.60028905180259,88.60028905180255,88.60028905180263,0.5358450124756899,0.5358450124756899,0.5358450124756899
assinatura,aleatorio,3,90.90588859367905,87.72467346555655,94.08710372180155,85.60251722133016,82.0133123198185,89.19172212284182,5.3033713723489155,4.309832416812053,6.296910327885778
assinatura,meio_faixa,3,98.1434763615606,98.1434763615606,98.1434763615606,96.81621535110305,96.81621535110305,96.81621535110305,1.3272610104575477,1.3272610104575477,1.3272610104575477
assinatura,sl,3,94.4280623645272,94.02372076951201,94.83240395954238,92.10221874050484,88.20744617850772,95.99699130250195,2.325843624022364,-1.417276535826418,6.068963783871146
assinatura,bandido,3,97.99190149985974,94.82601647759603,101.15778652212344,84.04691798421341,71.23780447075615,96.85603149767067,13.944983515646323,4.039483615380805,23.85048341591184
assinatura,bc,3,97.63975506892679,97.48338991697565,97.79612022087792,97.9408644567091,97.47791436310125,98.40381455031694,-0.30110938778229485,-0.9195125867893654,0.3172938112247758
assinatura,cql,3,97.97920005838292,97.86373361439352,98.0946665023723,98.01776390449977,97.5129999052816,98.52252790371794,-0.03856384611688668,-0.6293746011840032,0.5522469089502299
assinatura,oraculo_obs,3,100.0,100.0,100.0,100.0,100.0,100.0,0.0,0.0,0.0
