modelo,politica,semente,tier,lucro_medio,pct_do_otimo
venda_unica,aleatorio,42,Low Ticket,1111.111726476495,70.20553563343496
venda_unica,aleatorio,42,High Ticket,276099.6361637621,88.72802964778921
venda_unica,aleatorio,42,Todos,138605.3739451193,79.46678264061208
venda_unica,meio_faixa,42,Low Ticket,1142.5611129685483,68.08706157669427
venda_unica,meio_faixa,42,High Ticket,307365.57608185644,98.15002012583679
venda_unica,meio_faixa,42,Todos,154254.06859741252,83.11854085126552
venda_unica,maximo_faixa,42,Low Ticket,849.1592783553493,46.03874711552026
venda_unica,maximo_faixa,42,High Ticket,215388.3627128118,68.56697122173051
venda_unica,maximo_faixa,42,Todos,108118.76099558357,57.302859168625396
venda_unica,sl,42,Low Ticket,1111.5615464177586,63.31648684672978
venda_unica,sl,42,High Ticket,309386.3725256744,99.0004464652189
venda_unica,sl,42,Todos,155248.9670360461,81.15846665597434
venda_unica,bandido,42,Low Ticket,1141.5698472752865,66.6699726913789
venda_unica,bandido,42,High Ticket,310737.55778242985,99.30853278888176
venda_unica,bandido,42,Todos,155939.56381485256,82.98925274013033
venda_unica,bc,42,Low Ticket,1168.5469560976644,75.31063120852744
venda_unica,bc,42,High Ticket,307122.25126569526,98.29217129551238
venda_unica,bc,42,Todos,154145.39911089645,86.80140125201991
venda_unica,cql,42,Low Ticket,1171.3222098143667,79.36561191152816
venda_unica,cql,42,High Ticket,309886.6343368935,98.65957478453437
venda_unica,cql,42,Todos,155528.97827335392,89.01259334803125
venda_unica,oraculo_obs,42,Low Ticket,1170.3104005679083,83.19314335340502
venda_unica,oraculo_obs,42,High Ticket,313206.4065941306,100.0
venda_unica,oraculo_obs,42,Todos,157188.35849734925,91.59657167670251
venda_unica,oraculo,42,Low Ticket,1537.9580650677403,100.0
venda_unica,oraculo,42,High Ticket,313206.4065941306,100.0
venda_unica,oraculo,42,Todos,157372.18232959916,100.0
assinatura,aleatorio,42,Low Ticket,64357.62669819788,96.21338911031407
assinatura,aleatorio,42,High Ticket,11052780.487174898,95.55609983716555
assinatura,aleatorio,42,Todos,5558569.056936548,95.88474447373981
assinatura,meio_faixa,42,Low Ticket,66106.76299706585,99.268809813726
assinatura,meio_faixa,42,High Ticket,11509601.876651542,99.26799359916438
assinatura,meio_faixa,42,Todos,5787854.319824304,99.2684017064452
assinatura,maximo_faixa,42,Low Ticket,60927.17354418094,90.61503320154924
assinatura,maximo_faixa,42,High Ticket,10378602.86014734,89.86406524208716
assinatura,maximo_faixa,42,Todos,5219765.016845761,90.23954922181822
assinatura,sl,42,Low Ticket,64909.18090222344,96.65863096309289
assinatura,sl,42,High Ticket,11471745.94574034,99.20025195405996
assinatura,sl,42,Todos,5768327.563321281,97.92944145857643
assinatura,bandido,42,Low Ticket,66059.98346138466,99.14266688438043
assinatura,bandido,42,High Ticket,11500697.359748283,99.15619752819676
assinatura,bandido,42,Todos,5783378.6716048345,99.14943220628858
assinatura,bc,42,Low Ticket,66073.22285891813,99.23339198088092
assinatura,bc,42,High Ticket,11505461.551520547,99.31219806610468
assinatura,bc,42,Todos,5785767.387189732,99.2727950234928
assinatura,cql,42,Low Ticket,66012.44125019982,99.15733622143838
assinatura,cql,42,High Ticket,11563513.054527981,99.51425165811538
assinatura,cql,42,Todos,5814762.74788909,99.33579393977688
assinatura,oraculo_obs,42,Low Ticket,66605.90804372272,100.0
assinatura,oraculo_obs,42,High Ticket,11596346.120465199,100.0
assinatura,oraculo_obs,42,Todos,5831476.014254461,100.0
assinatura,oraculo,42,Low Ticket,66605.90804372272,100.0
assinatura,oraculo,42,High Ticket,11596346.120465199,100.0
assinatura,oraculo,42,Todos,5831476.014254461,100.0
venda_unica,aleatorio,43,Low Ticket,1041.3559079578358,66.29863857041873
venda_unica,aleatorio,43,High Ticket,277647.25969200704,90.19983752332581
venda_unica,aleatorio,43,Todos,139344.30779998246,78.24923804687228
venda_unica,meio_faixa,43,Low Ticket,1142.5611129685483,68.08706157669427
venda_unica,meio_faixa,43,High Ticket,307365.57608185644,98.15002012583679
venda_unica,meio_faixa,43,Todos,154254.06859741252,83.11854085126552
venda_unica,maximo_faixa,43,Low Ticket,849.1592783553493,46.03874711552026
venda_unica,maximo_faixa,43,High Ticket,215388.3627128118,68.56697122173051
venda_unica,maximo_faixa,43,Todos,108118.76099558357,57.302859168625396
venda_unica,sl,43,Low Ticket,1114.7605307132408,62.1356021039157
venda_unica,sl,43,High Ticket,309521.6276305722,98.7093853013617
venda_unica,sl,43,Todos,155318.19408064272,80.4224937026387
venda_unica,bandido,43,Low Ticket,1137.3961731413933,65.49154821319534
venda_unica,bandido,43,High Ticket,309860.4801999224,98.95765983130799
venda_unica,bandido,43,Todos,155498.9381865319,82.22460402225167
venda_unica,bc,43,Low Ticket,1167.8959884222445,76.70622877412842
venda_unica,bc,43,High Ticket,307378.91192761273,98.31321912082606
venda_unica,bc,43,Todos,154273.40395801747,87.50972394747724
venda_unica,cql,43,Low Ticket,1169.6243636124184,79.62003026863938
venda_unica,cql,43,High Ticket,310101.5038964985,98.69395840496408
venda_unica,cql,43,Todos,155635.56413005549,89.15699433680173
venda_unica,oraculo_obs,43,Low Ticket,1170.3104005679083,83.19314335340502
venda_unica,oraculo_obs,43,High Ticket,313206.4065941306,100.0
venda_unica,oraculo_obs,43,Todos,157188.35849734925,91.59657167670251
venda_unica,oraculo,43,Low Ticket,1537.9580650677403,100.0
venda_unica,oraculo,43,High Ticket,313206.4065941306,100.0
venda_unica,oraculo,43,Todos,157372.18232959916,100.0
assinatura,aleatorio,43,Low Ticket,63770.44666946375,95.2834010071673
assinatura,aleatorio,43,High Ticket,11038331.464134302,96.36273000589559
assinatura,aleatorio,43,Todos,5551050.955401883,95.82306550653144
assinatura,meio_faixa,43,Low Ticket,66106.76299706585,99.268809813726
assinatura,meio_faixa,43,High Ticket,11509601.876651542,99.26799359916438
assinatura,meio_faixa,43,Todos,5787854.319824304,99.2684017064452
assinatura,maximo_faixa,43,Low Ticket,60927.17354418094,90.61503320154924
assinatura,maximo_faixa,43,High Ticket,10378602.86014734,89.86406524208716
assinatura,maximo_faixa,43,Todos,5219765.016845761,90.23954922181822
assinatura,sl,43,Low Ticket,63216.96804874841,94.5057842199741
assinatura,sl,43,High Ticket,11516736.348624025,99.1589986913808
assinatura,sl,43,Todos,5789976.658336386,96.83239145567745
assinatura,bandido,43,Low Ticket,66046.94551938753,99.18060056122032
assinatura,bandido,43,High Ticket,11500336.590144288,99.18247928143332
assinatura,bandido,43,Todos,5783191.767831838,99.18153992132682
assinatura,bc,43,Low Ticket,66068.41656418954,99.23754833898732
assinatura,bc,43,High Ticket,11506518.961562758,99.27917567815179
assinatura,bc,43,Todos,5786293.689063474,99.25836200856956
assinatura,cql,43,Low Ticket,66042.52575997001,99.20143325194594
assinatura,cql,43,High Ticket,11574275.105313169,99.60892329664799
assinatura,cql,43,Todos,5820158.81553657,99.40517827429696
assinatura,oraculo_obs,43,Low Ticket,66605.90804372272,100.0
assinatura,oraculo_obs,43,High Ticket,11596346.120465199,100.0
assinatura,oraculo_obs,43,Todos,5831476.014254461,100.0
assinatura,oraculo,43,Low Ticket,66605.90804372272,100.0
assinatura,oraculo,43,High Ticket,11596346.120465199,100.0
assinatura,oraculo,43,Todos,5831476.014254461,100.0
venda_unica,aleatorio,44,Low Ticket,1073.134214032075,68.9361848850122
venda_unica,aleatorio,44,High Ticket,271117.62075522705,88.16660695318629
venda_unica,aleatorio,44,Todos,136095.37748462954,78.55139591909925
venda_unica,meio_faixa,44,Low Ticket,1142.5611129685483,68.08706157669427
venda_unica,meio_faixa,44,High Ticket,307365.57608185644,98.15002012583679
venda_unica,meio_faixa,44,Todos,154254.06859741252,83.11854085126552
venda_unica,maximo_faixa,44,Low Ticket,849.1592783553493,46.03874711552026
venda_unica,maximo_faixa,44,High Ticket,215388.3627128118,68.56697122173051
venda_unica,maximo_faixa,44,Todos,108118.76099558357,57.302859168625396
venda_unica,sl,44,Low Ticket,1099.5688986437713,61.73150598117386
venda_unica,sl,44,High Ticket,309787.2118581248,98.92565231272638
venda_unica,sl,44,Todos,155443.3903783843,80.32857914695012
venda_unica,bandido,44,Low Ticket,1147.9352320643475,66.06756339374749
venda_unica,bandido,44,High Ticket,310726.22497431136,99.16186643830626
venda_unica,bandido,44,Todos,155937.08010318785,82.61471491602687
venda_unica,bc,44,Low Ticket,1167.3088966436894,76.12265999073622
venda_unica,bc,44,High Ticket,307020.96737919666,98.20030889424748
venda_unica,bc,44,Todos,154094.13813792018,87.16148444249185
venda_unica,cql,44,Low Ticket,1171.4190950387456,79.39284414678158
venda_unica,cql,44,High Ticket,308122.3419478662,98.33433970169716
venda_unica,cql,44,Todos,154646.88052145246,88.86359192423937
venda_unica,oraculo_obs,44,Low Ticket,1170.3104005679083,83.19314335340502
venda_unica,oraculo_obs,44,High Ticket,313206.4065941306,100.0
venda_unica,oraculo_obs,44,Todos,157188.35849734925,91.59657167670251
venda_unica,oraculo,44,Low Ticket,1537.9580650677403,100.0
venda_unica,oraculo,44,High Ticket,313206.4065941306,100.0
venda_unica,oraculo,44,Todos,157372.18232959916,100.0
assinatura,aleatorio,44,Low Ticket,64469.49669580353,96.76357645813373
assinatura,aleatorio,44,High Ticket,10982296.187136957,95.30158522921108
assinatura,aleatorio,44,Todos,5523382.84191638,96.0325808436724
assinatura,meio_faixa,44,Low Ticket,66106.76299706585,99.268809813726
assinatura,meio_faixa,44,High Ticket,11509601.876651542,99.26799359916438
assinatura,meio_faixa,44,Todos,5787854.319824304,99.2684017064452
assinatura,maximo_faixa,44,Low Ticket,60927.17354418094,90.61503320154924
assinatura,maximo_faixa,44,High Ticket,10378602.86014734,89.86406524208716
assinatura,maximo_faixa,44,Todos,5219765.016845761,90.23954922181822
assinatura,sl,44,Low Ticket,63110.24181971726,94.34561548365727
assinatura,sl,44,High Ticket,11468404.272776196,98.93187882039362
assinatura,sl,44,Todos,5765757.257297957,96.63874715202545
assinatura,bandido,44,Low Ticket,66043.60519226879,99.08109879047528
assinatura,bandido,44,High Ticket,11501729.89261892,99.34657607990674
assinatura,bandido,44,Todos,5783886.748905595,99.21383743519101
assinatura,bc,44,Low Ticket,66069.48363525378,99.23326783228433
assinatura,bc,44,High Ticket,11499767.397762187,99.2324961392115
assinatura,bc,44,Todos,5782918.44069872,99.23288198574792
assinatura,cql,44,Low Ticket,66024.99190596923,99.17795688323724
assinatura,cql,44,High Ticket,11567454.862808598,99.5403830018718
assinatura,cql,44,Todos,5816739.927357283,99.35916994255452
assinatura,oraculo_obs,44,Low Ticket,66605.90804372272,100.0
assinatura,oraculo_obs,44,High Ticket,11596346.120465199,100.0
assinatura,oraculo_obs,44,Todos,5831476.014254461,100.0
assinatura,oraculo,44,Low Ticket,66605.90804372272,100.0
assinatura,oraculo,44,High Ticket,11596346.120465199,100.0
assinatura,oraculo,44,Todos,5831476.014254461,100.0
