modelo,tier,politica,n_sementes,pct_do_otimo,pct_ic95_inf,pct_ic95_sup,lucro_medio,lucro_ic95_inf,lucro_ic95_sup
venda_unica,Low Ticket,aleatorio,3,68.48011969628863,63.52929010083795,73.43094929173931,1075.2006161554684,988.4451138146418,1161.9561184962952
venda_unica,High Ticket,aleatorio,3,89.0314913747671,86.42305994922062,91.63992280031358,274954.83887033205,266478.87989482225,283430.79784584185
venda_unica,Todos,aleatorio,3,78.75580553552787,77.1808912645041,80.33071980655164,138015.01974324379,133784.48463804545,142245.55484844212
venda_unica,Low Ticket,meio_faixa,3,68.08706157669427,68.08706157669427,68.08706157669427,1142.5611129685483,1142.5611129685483,1142.5611129685483
venda_unica,High Ticket,meio_faixa,3,98.15002012583678,98.15002012583673,98.15002012583682,307365.57608185644,307365.57608185644,307365.57608185644
venda_unica,Todos,meio_faixa,3,83.11854085126552,83.11854085126552,83.11854085126552,154254.06859741252,154254.06859741252,154254.06859741252
venda_unica,Low Ticket,maximo_faixa,3,46.03874711552026,46.03874711552026,46.03874711552026,849.1592783553493,849.1592783553493,849.1592783553493
venda_unica,High Ticket,maximo_faixa,3,68.56697122173051,68.56697122173051,68.56697122173051,215388.3627128118,215388.3627128118,215388.3627128118
venda_unica,Todos,maximo_faixa,3,57.302859168625396,57.302859168625396,57.302859168625396,108118.76099558357,108118.76099558357,108118.76099558357
venda_unica,Low Ticket,sl,3,62.39453164393978,60.34858450469426,64.4404787831853,1108.6303252582568,1088.7354272181153,1128.5252232983983
venda_unica,High Ticket,sl,3,98.87849469310233,98.50301145518338,99.25397793102127,309565.07067145716,309058.50439830864,310071.6369446057
venda_unica,Todos,sl,3,80.63651316852105,79.50757829394863,81.76544804309347,155336.8504983577,155092.05066320478,155581.65033351062
venda_unica,Low Ticket,bandido,3,66.07636143277391,64.61255471552433,67.54016815002349,1142.3004174936757,1129.1161645343457,1155.4846704530057
venda_unica,High Ticket,bandido,3,99.14268635283202,98.70492895191805,99.58044375374598,310441.4209855546,309191.5484914425,311691.29347966664
venda_unica,Todos,bandido,3,82.60952389280295,81.65971187992916,83.55933590567675,155791.8607015241,155161.68122119806,156422.04018185014
venda_unica,Low Ticket,bc,3,76.04650665779737,74.30535357375716,77.78765974183757,1167.9172803878662,1166.3788432257081,1169.4557175500242
venda_unica,High Ticket,bc,3,98.26856643686197,98.11941321840003,98.41771965532392,307174.04352416826,306715.7022533685,307632.384794968
venda_unica,Todos,bc,3,87.15753654732968,86.27770999277132,88.03736310188805,154170.98040227804,153941.61954339244,154400.34126116364
venda_unica,Low Ticket,cql,3,79.45949544231637,79.11248023996662,79.80651064466612,1170.7885561551768,1168.2811087290906,1173.296003581263
venda_unica,High Ticket,cql,3,98.56262429706521,98.06965625484965,99.05559233928078,309370.1600604194,306672.4622619451,312067.8578588937
venda_unica,Todos,cql,3,89.01105986969078,88.64661893875122,89.37550080063035,155270.4743082873,153922.40428521842,156618.54433135616
venda_unica,Low Ticket,oraculo_obs,3,83.19314335340502,83.19314335340502,83.19314335340502,1170.3104005679083,1170.3104005679083,1170.3104005679083
venda_unica,High Ticket,oraculo_obs,3,100.0,100.0,100.0,313206.4065941306,313206.4065941306,313206.4065941306
venda_unica,Todos,oraculo_obs,3,91.59657167670251,91.59657167670251,91.59657167670251,157188.35849734925,157188.35849734925,157188.35849734925
venda_unica,Low Ticket,oraculo,3,100.0,100.0,100.0,1537.9580650677406,1537.9580650677399,1537.9580650677412
venda_unica,High Ticket,oraculo,3,100.0,100.0,100.0,313206.4065941306,313206.4065941306,313206.4065941306
venda_unica,Todos,oraculo,3,100.0,100.0,100.0,157372.18232959916,157372.18232959916,157372.18232959916
assinatura,Low Ticket,aleatorio,3,96.08678885853836,94.2282444787571,97.9453332383196,64199.19002115505,63266.41575929113,65131.96428301898
assinatura,High Ticket,aleatorio,3,95.74013835742407,94.36394020778793,97.11633650706021,11024469.379482053,10931983.121561624,11116955.637402482
assinatura,Todos,aleatorio,3,95.91346360798121,95.64599728813617,96.18092992782626,5544334.284751604,5498303.763921985,5590364.805581223
assinatura,Low Ticket,meio_faixa,3,99.26880981372601,99.26880981372597,99.26880981372605,66106.76299706585,66106.76299706585,66106.76299706585
assinatura,High Ticket,meio_faixa,3,99.2679935991644,99.26799359916436,99.26799359916444,11509601.876651542,11509601.876651542,11509601.876651542
assinatura,Todos,meio_faixa,3,99.2684017064452,99.2684017064452,99.2684017064452,5787854.319824304,5787854.319824304,5787854.319824304
assinatura,Low Ticket,maximo_faixa,3,90.61503320154924,90.61503320154924,90.61503320154924,60927.17354418095,60927.17354418093,60927.17354418097
assinatura,High Ticket,maximo_faixa,3,89.86406524208716,89.86406524208716,89.86406524208716,10378602.86014734,10378602.86014734,10378602.86014734
assinatura,Todos,maximo_faixa,3,90.23954922181822,90.23954922181822,90.23954922181822,5219765.016845761,5219765.016845761,5219765.016845761
assinatura,Low Ticket,sl,3,95.1700102222414,91.96132800695905,98.37869243752375,63745.463590229694,61238.420774655955,66252.50640580343
assinatura,High Ticket,sl,3,99.09704315527813,98.73804527936538,99.45604103119088,11485628.855713518,11418577.897937013,11552679.813490024
assinatura,Todos,sl,3,97.13352668875977,95.40444412060117,98.86260925691838,5774687.1596518755,5741639.892628318,5807734.426675433
assinatura,Low Ticket,bandido,3,99.13478874535868,99.01004398140523,99.25953350931212,66050.17805768033,66028.67929847803,66071.67681688262
assinatura,High Ticket,bandido,3,99.2284176298456,98.9721327751872,99.48470248450398,11500921.280837163,11499124.906683948,11502717.654990379
assinatura,Todos,bandido,3,99.18160318760214,99.10160734283986,99.26159903236442,5783485.729447422,5782592.317652964,5784379.141241879
assinatura,Low Ticket,bc,3,99.23473605071752,99.2286839360624,99.24078816537263,66070.37435278716,66064.10459857268,66076.64410700163
assinatura,High Ticket,bc,3,99.27462329448933,99.17514474642843,99.37410184255023,11503915.97028183,11494894.91748265,11512937.02308101
assinatura,Todos,bc,3,99.25467967260344,99.20447597194789,99.304883373259,5784993.172317308,5780482.131522501,5789504.213112116
assinatura,Low Ticket,cql,3,99.17890878554051,99.12409896711841,99.23371860396261,66026.65297204634,65989.11545753315,66064.19048655954
assinatura,High Ticket,cql,3,99.5545193188784,99.43306158798768,99.67597704976913,11568414.34088325,11554888.699688204,11581939.982078295
assinatura,Todos,cql,3,99.36671405220945,99.2790190065927,99.45440909782619,5817220.496927648,5810438.938901115,5824002.0549541805
assinatura,Low Ticket,oraculo_obs,3,100.0,100.0,100.0,66605.90804372272,66605.90804372272,66605.90804372272
assinatura,High Ticket,oraculo_obs,3,100.0,100.0,100.0,11596346.120465199,11596346.120465199,11596346.120465199
assinatura,Todos,oraculo_obs,3,100.0,100.0,100.0,5831476.014254461,5831476.014254461,5831476.014254461
assinatura,Low Ticket,oraculo,3,100.0,100.0,100.0,66605.90804372272,66605.90804372272,66605.90804372272
assinatura,High Ticket,oraculo,3,100.0,100.0,100.0,11596346.120465199,11596346.120465199,11596346.120465199
assinatura,Todos,oraculo,3,100.0,100.0,100.0,5831476.014254461,5831476.014254461,5831476.014254461
