modelo,tier,comparacao,n_sementes,diferenca_pp,ic95_inf,ic95_sup,conclusao
assinatura,High Ticket,cql - aleatorio,1,12.497558361708442,12.497558361708442,12.497558361708442,A > B
assinatura,Low Ticket,cql - aleatorio,1,9.276680469189174,9.276680469189174,9.276680469189174,A > B
assinatura,Todos,cql - aleatorio,1,10.887119415448836,10.887119415448836,10.887119415448836,A > B
venda_unica,High Ticket,cql - aleatorio,1,17.671119890274028,17.671119890274028,17.671119890274028,A > B
venda_unica,Low Ticket,cql - aleatorio,1,5.295672662279543,5.295672662279543,5.295672662279543,A > B
venda_unica,Todos,cql - aleatorio,1,11.483396276276778,11.483396276276778,11.483396276276778,A > B
assinatura,High Ticket,cql - meio_faixa,1,2.2627722425925185,2.2627722425925185,2.2627722425925185,A > B
assinatura,Low Ticket,cql - meio_faixa,1,0.7340019311509565,0.7340019311509565,0.7340019311509565,A > B
assinatura,Todos,cql - meio_faixa,1,1.4983870868717588,1.4983870868717588,1.4983870868717588,A > B
venda_unica,High Ticket,cql - meio_faixa,1,3.1745447613058246,3.1745447613058246,3.1745447613058246,A > B
venda_unica,Low Ticket,cql - meio_faixa,1,5.6319225123791625,5.6319225123791625,5.6319225123791625,A > B
venda_unica,Todos,cql - meio_faixa,1,4.4032336368424865,4.4032336368424865,4.4032336368424865,A > B
assinatura,High Ticket,cql - sl,1,0.7929665543923932,0.7929665543923932,0.7929665543923932,A > B
assinatura,Low Ticket,cql - sl,1,10.79965998513569,10.79965998513569,10.79965998513569,A > B
assinatura,Todos,cql - sl,1,5.796313269764056,5.796313269764056,5.796313269764056,A > B
venda_unica,High Ticket,cql - sl,1,0.3874627089152938,0.3874627089152938,0.3874627089152938,A > B
venda_unica,Low Ticket,cql - sl,1,11.716348162426861,11.716348162426861,11.716348162426861,A > B
venda_unica,Todos,cql - sl,1,6.051905435671088,6.051905435671088,6.051905435671088,A > B
assinatura,High Ticket,cql - bandido,1,0.7220139910134691,0.7220139910134691,0.7220139910134691,A > B
assinatura,Low Ticket,cql - bandido,1,-0.6905680083328889,-0.6905680083328889,-0.6905680083328889,A < B
assinatura,Todos,cql - bandido,1,0.0157229913402972,0.0157229913402972,0.0157229913402972,A > B
venda_unica,High Ticket,cql - bandido,1,0.34193287748988155,0.34193287748988155,0.34193287748988155,A > B
venda_unica,Low Ticket,cql - bandido,1,3.9938338966248494,3.9938338966248494,3.9938338966248494,A > B
venda_unica,Todos,cql - bandido,1,2.1678833870573584,2.1678833870573584,2.1678833870573584,A > B
assinatura,High Ticket,cql - bc,1,1.9498101917992159,1.9498101917992159,1.9498101917992159,A > B
assinatura,Low Ticket,cql - bc,1,0.5901640038803606,0.5901640038803606,0.5901640038803606,A > B
assinatura,Todos,cql - bc,1,1.2699870978398025,1.2699870978398025,1.2699870978398025,A > B
venda_unica,High Ticket,cql - bc,1,2.8986636083715496,2.8986636083715496,2.8986636083715496,A > B
venda_unica,Low Ticket,cql - bc,1,1.9038030208860306,1.9038030208860306,1.9038030208860306,A > B
venda_unica,Todos,cql - bc,1,2.401233314628783,2.401233314628783,2.401233314628783,A > B
assinatura,High Ticket,sl - aleatorio,1,11.70459180731605,11.70459180731605,11.70459180731605,A > B
assinatura,Low Ticket,sl - aleatorio,1,-1.522979515946517,-1.522979515946517,-1.522979515946517,A < B
assinatura,Todos,sl - aleatorio,1,5.09080614568478,5.09080614568478,5.09080614568478,A > B
venda_unica,High Ticket,sl - aleatorio,1,17.283657181358734,17.283657181358734,17.283657181358734,A > B
venda_unica,Low Ticket,sl - aleatorio,1,-6.420675500147318,-6.420675500147318,-6.420675500147318,A < B
venda_unica,Todos,sl - aleatorio,1,5.43149084060569,5.43149084060569,5.43149084060569,A > B
assinatura,High Ticket,sl - meio_faixa,1,1.4698056882001254,1.4698056882001254,1.4698056882001254,A > B
assinatura,Low Ticket,sl - meio_faixa,1,-10.065658053984734,-10.065658053984734,-10.065658053984734,A < B
assinatura,Todos,sl - meio_faixa,1,-4.297926182892297,-4.297926182892297,-4.297926182892297,A < B
venda_unica,High Ticket,sl - meio_faixa,1,2.787082052390531,2.787082052390531,2.787082052390531,A > B
venda_unica,Low Ticket,sl - meio_faixa,1,-6.084425650047699,-6.084425650047699,-6.084425650047699,A < B
venda_unica,Todos,sl - meio_faixa,1,-1.6486717988286017,-1.6486717988286017,-1.6486717988286017,A < B
assinatura,High Ticket,bandido - aleatorio,1,11.775544370694973,11.775544370694973,11.775544370694973,A > B
assinatura,Low Ticket,bandido - aleatorio,1,9.967248477522062,9.967248477522062,9.967248477522062,A > B
assinatura,Todos,bandido - aleatorio,1,10.87139642410854,10.87139642410854,10.87139642410854,A > B
venda_unica,High Ticket,bandido - aleatorio,1,17.329187012784146,17.329187012784146,17.329187012784146,A > B
venda_unica,Low Ticket,bandido - aleatorio,1,1.3018387656546935,1.3018387656546935,1.3018387656546935,A > B
venda_unica,Todos,bandido - aleatorio,1,9.31551288921942,9.31551288921942,9.31551288921942,A > B
assinatura,High Ticket,bandido - meio_faixa,1,1.5407582515790494,1.5407582515790494,1.5407582515790494,A > B
assinatura,Low Ticket,bandido - meio_faixa,1,1.4245699394838454,1.4245699394838454,1.4245699394838454,A > B
assinatura,Todos,bandido - meio_faixa,1,1.4826640955314616,1.4826640955314616,1.4826640955314616,A > B
venda_unica,High Ticket,bandido - meio_faixa,1,2.832611883815943,2.832611883815943,2.832611883815943,A > B
venda_unica,Low Ticket,bandido - meio_faixa,1,1.638088615754313,1.638088615754313,1.638088615754313,A > B
venda_unica,Todos,bandido - meio_faixa,1,2.235350249785128,2.235350249785128,2.235350249785128,A > B
assinatura,High Ticket,bandido - sl,1,0.07095256337892408,0.07095256337892408,0.07095256337892408,A > B
assinatura,Low Ticket,bandido - sl,1,11.49022799346858,11.49022799346858,11.49022799346858,A > B
assinatura,Todos,bandido - sl,1,5.780590278423759,5.780590278423759,5.780590278423759,A > B
venda_unica,High Ticket,bandido - sl,1,0.045529831425412226,0.045529831425412226,0.045529831425412226,A > B
venda_unica,Low Ticket,bandido - sl,1,7.722514265802012,7.722514265802012,7.722514265802012,A > B
venda_unica,Todos,bandido - sl,1,3.88402204861373,3.88402204861373,3.88402204861373,A > B
